Workbook
Name inception_date: Census!$Z$2

Sheet Census
A1: SN | B1: Name | C1: Relation | D1: Gender | E1: Marital | F1: Member type | G1: Date of Birth (DD/MM/YYYY) | H1: Nationality | I1: Category | J1: Age | K1: Age Band | L1: Health UW Loading | M1: Life UW Loading | N1: PA UW Loading | O1: Eligible for | R1: Control | S1: CHECK FORMAT INPUT If RED Check & input again | Z1: Effective date | AA1: Census Check | AB1: CHK Name | AC1: CHK Gender | AD1: CHK relation | AE1: CHK Marital | AF1: CHK DOB | AG1: CHK Plan | AH1: Check Final | AJ1: Age band Reference Table
A2: 1 | J2: =IFERROR(IF(G2="","",ROUNDDOWN(IF($G2="","",(inception_date-$G2)/365.25),0)),0) | K2: =IF(I2="","",IF($AM$3=1,IFERROR(IF(J2=FALSE,"",VLOOKUP(J2,$AJ$1:$AK$18,2,1)),""),IFERROR(IF(J2 = "FALSE","",VLOOKUP(J2,#REF!,2,TRUE)),""))) | O2: =IF(C2="","",IF(R2=1,"Yes","No")) | P2: =IFERROR(IF(C2="","",IF(AND(Census!C2="E",Census!J2>=18,Census!J2<=65),"Yes","No")),"ERROR") | Q2: =IFERROR(IF(C2="","",IF(AND(Census!C2="E",Census!J2>=18,Census!J2<=64),"Yes","No")),"ERROR") | R2: =IF(OR(AB2<>1,AC2<>1,AD2<>1,AF2<>1,AE2<>1,AG2<>1),-1,1) -> -1 | S2: =AB2 -> 0 | T2: =AC2 -> 0 | U2: =AD2 -> 0 | V2: =AE2 -> 0 | W2: =AF2 -> -1 | X2: =AG2 -> 0 | Z2: 45708 | AA2: =IF((COUNTIF(AH2:AH201,0)+COUNTIF(AH2:AH201,-1))>MIN(COUNTIF(AE2:AE201,0),COUNTIF(AF2:AF201,-1),COUNTIF(AG2:AG201,0)),0,1) -> 1 | AB2: =IFERROR(IF(OR(B2=0,B2=""),0,1),0) -> 0 | AC2: =IFERROR(IF(OR(C2="S",C2="D"),IF(AND(C2="D",D2="F"),1,IF(AND(C2="S",D2="M"),1,0)),IF(OR(C2="W",C2="H"),IF(OR(AND(C2="W",D2="F"),AND(C2="H",D2="M")),1,),IF(OR(D2="M",D2="F"),1,0))),0) -> 0 | AD2: =IFERROR(IF(OR(C2="E",C2="W",C2="H"),1,IF(C2 = "S",IF(D2="M",1,0),IF(D2 = "F",1,0))),0) -> 0 | AE2: =IFERROR(IF(OR(E2="M",E2="S"),IF(E2="M",IF(OR(C2="S",C2 = "D"),0,1),IF(OR(C2="W",C2="H"),0,1)),0),0) -> 0 | AF2: =IF(G2="",-1,IF(AND(G2<=TODAY(),ISNUMBER(DATE(YEAR(G2),MONTH(G2),DAY(G2)))),IF(AND(OR(C2="S",C2="D"),J2>24),-1,1),-1)) -> -1 | AG2: =IF(OR(I2="CAT 1",I2="CAT 2",I2="CAT 3",I2="CAT 4"),1,0) -> 0 | AH2: =PRODUCT(AF2:AG2)*AE2 -> 0 | AJ2: 0 | AK2: 0-4
A3: 2 | J3: =IFERROR(IF(G3="","",ROUNDDOWN(IF($G3="","",(inception_date-$G3)/365.25),0)),0) | K3: =IF(I3="","",IF($AM$3=1,IFERROR(IF(J3=FALSE,"",VLOOKUP(J3,$AJ$1:$AK$18,2,1)),""),IFERROR(IF(J3 = "FALSE","",VLOOKUP(J3,#REF!,2,TRUE)),""))) | O3: =IF(C3="","",IF(R3=1,"Yes","No")) | P3: =IFERROR(IF(C3="","",IF(AND(Census!C3="E",Census!J3>=18,Census!J3<=65),"Yes","No")),"ERROR") | Q3: =IFERROR(IF(C3="","",IF(AND(Census!C3="E",Census!J3>=18,Census!J3<=64),"Yes","No")),"ERROR") | R3: =IF(OR(AB3<>1,AC3<>1,AD3<>1,AF3<>1,AE3<>1,AG3<>1),-1,1) -> -1 | S3: =AB3 -> 0 | T3: =AC3 -> 0 | U3: =AD3 -> 0 | V3: =AE3 -> 0 | W3: =AF3 -> -1 | X3: =AG3 -> 0 | AB3: =IFERROR(IF(OR(B3=0,B3=""),0,1),0) -> 0 | AC3: =IFERROR(IF(OR(C3="S",C3="D"),IF(AND(C3="D",D3="F"),1,IF(AND(C3="S",D3="M"),1,0)),IF(OR(C3="W",C3="H"),IF(OR(AND(C3="W",D3="F"),AND(C3="H",D3="M")),1,),IF(OR(D3="M",D3="F"),1,0))),0) -> 0 | AD3: =IFERROR(IF(OR(C3="E",C3="W",C3="H"),1,IF(C3 = "S",IF(D3="M",1,0),IF(D3 = "F",1,0))),0) -> 0 | AE3: =IFERROR(IF(OR(E3="M",E3="S"),IF(E3="M",IF(OR(C3="S",C3 = "D"),0,1),IF(OR(C3="W",C3="H"),0,1)),0),0) -> 0 | AF3: =IF(G3="",-1,IF(AND(G3<=TODAY(),ISNUMBER(DATE(YEAR(G3),MONTH(G3),DAY(G3)))),IF(AND(OR(C3="S",C3="D"),J3>24),-1,1),-1)) -> -1 | AG3: =IF(OR(I3="CAT 1",I3="CAT 2",I3="CAT 3",I3="CAT 4"),1,0) -> 0 | AH3: =PRODUCT(AF3:AG3)*AE3 -> 0 | AI3: =YEAR(TODAY()) -> 2025 | AJ3: =AJ2+5 -> 5 | AK3: 5-9 | AM3: 1
A4: 3 | J4: =IFERROR(IF(G4="","",ROUNDDOWN(IF($G4="","",(inception_date-$G4)/365.25),0)),0) | K4: =IF(I4="","",IF($AM$3=1,IFERROR(IF(J4=FALSE,"",VLOOKUP(J4,$AJ$1:$AK$18,2,1)),""),IFERROR(IF(J4 = "FALSE","",VLOOKUP(J4,#REF!,2,TRUE)),""))) | O4: =IF(C4="","",IF(R4=1,"Yes","No")) | P4: =IFERROR(IF(C4="","",IF(AND(Census!C4="E",Census!J4>=18,Census!J4<=65),"Yes","No")),"ERROR") | Q4: =IFERROR(IF(C4="","",IF(AND(Census!C4="E",Census!J4>=18,Census!J4<=64),"Yes","No")),"ERROR") | R4: =IF(OR(AB4<>1,AC4<>1,AD4<>1,AF4<>1,AE4<>1,AG4<>1),-1,1) -> -1 | S4: =AB4 -> 0 | T4: =AC4 -> 0 | U4: =AD4 -> 0 | V4: =AE4 -> 0 | W4: =AF4 -> -1 | X4: =AG4 -> 0 | AB4: =IFERROR(IF(OR(B4=0,B4=""),0,1),0) -> 0 | AC4: =IFERROR(IF(OR(C4="S",C4="D"),IF(AND(C4="D",D4="F"),1,IF(AND(C4="S",D4="M"),1,0)),IF(OR(C4="W",C4="H"),IF(OR(AND(C4="W",D4="F"),AND(C4="H",D4="M")),1,),IF(OR(D4="M",D4="F"),1,0))),0) -> 0 | AD4: =IFERROR(IF(OR(C4="E",C4="W",C4="H"),1,IF(C4 = "S",IF(D4="M",1,0),IF(D4 = "F",1,0))),0) -> 0 | AE4: =IFERROR(IF(OR(E4="M",E4="S"),IF(E4="M",IF(OR(C4="S",C4 = "D"),0,1),IF(OR(C4="W",C4="H"),0,1)),0),0) -> 0 | AF4: =IF(G4="",-1,IF(AND(G4<=TODAY(),ISNUMBER(DATE(YEAR(G4),MONTH(G4),DAY(G4)))),IF(AND(OR(C4="S",C4="D"),J4>24),-1,1),-1)) -> -1 | AG4: =IF(OR(I4="CAT 1",I4="CAT 2",I4="CAT 3",I4="CAT 4"),1,0) -> 0 | AH4: =PRODUCT(AF4:AG4)*AE4 -> 0 | AJ4: =AJ3+5 -> 10 | AK4: 10-14
A5: 4 | J5: =IFERROR(IF(G5="","",ROUNDDOWN(IF($G5="","",(inception_date-$G5)/365.25),0)),0) | K5: =IF(I5="","",IF($AM$3=1,IFERROR(IF(J5=FALSE,"",VLOOKUP(J5,$AJ$1:$AK$18,2,1)),""),IFERROR(IF(J5 = "FALSE","",VLOOKUP(J5,#REF!,2,TRUE)),""))) | O5: =IF(C5="","",IF(R5=1,"Yes","No")) | P5: =IFERROR(IF(C5="","",IF(AND(Census!C5="E",Census!J5>=18,Census!J5<=65),"Yes","No")),"ERROR") | Q5: =IFERROR(IF(C5="","",IF(AND(Census!C5="E",Census!J5>=18,Census!J5<=64),"Yes","No")),"ERROR") | R5: =IF(OR(AB5<>1,AC5<>1,AD5<>1,AF5<>1,AE5<>1,AG5<>1),-1,1) -> -1 | S5: =AB5 -> 0 | T5: =AC5 -> 0 | U5: =AD5 -> 0 | V5: =AE5 -> 0 | W5: =AF5 -> -1 | X5: =AG5 -> 0 | AB5: =IFERROR(IF(OR(B5=0,B5=""),0,1),0) -> 0 | AC5: =IFERROR(IF(OR(C5="S",C5="D"),IF(AND(C5="D",D5="F"),1,IF(AND(C5="S",D5="M"),1,0)),IF(OR(C5="W",C5="H"),IF(OR(AND(C5="W",D5="F"),AND(C5="H",D5="M")),1,),IF(OR(D5="M",D5="F"),1,0))),0) -> 0 | AD5: =IFERROR(IF(OR(C5="E",C5="W",C5="H"),1,IF(C5 = "S",IF(D5="M",1,0),IF(D5 = "F",1,0))),0) -> 0 | AE5: =IFERROR(IF(OR(E5="M",E5="S"),IF(E5="M",IF(OR(C5="S",C5 = "D"),0,1),IF(OR(C5="W",C5="H"),0,1)),0),0) -> 0 | AF5: =IF(G5="",-1,IF(AND(G5<=TODAY(),ISNUMBER(DATE(YEAR(G5),MONTH(G5),DAY(G5)))),IF(AND(OR(C5="S",C5="D"),J5>24),-1,1),-1)) -> -1 | AG5: =IF(OR(I5="CAT 1",I5="CAT 2",I5="CAT 3",I5="CAT 4"),1,0) -> 0 | AH5: =PRODUCT(AF5:AG5)*AE5 -> 0 | AJ5: =AJ4+5 -> 15 | AK5: 15-19
A6: 5 | J6: =IFERROR(IF(G6="","",ROUNDDOWN(IF($G6="","",(inception_date-$G6)/365.25),0)),0) | K6: =IF(I6="","",IF($AM$3=1,IFERROR(IF(J6=FALSE,"",VLOOKUP(J6,$AJ$1:$AK$18,2,1)),""),IFERROR(IF(J6 = "FALSE","",VLOOKUP(J6,#REF!,2,TRUE)),""))) | O6: =IF(C6="","",IF(R6=1,"Yes","No")) | P6: =IFERROR(IF(C6="","",IF(AND(Census!C6="E",Census!J6>=18,Census!J6<=65),"Yes","No")),"ERROR") | Q6: =IFERROR(IF(C6="","",IF(AND(Census!C6="E",Census!J6>=18,Census!J6<=64),"Yes","No")),"ERROR") | R6: =IF(OR(AB6<>1,AC6<>1,AD6<>1,AF6<>1,AE6<>1,AG6<>1),-1,1) -> -1 | S6: =AB6 -> 0 | T6: =AC6 -> 0 | U6: =AD6 -> 0 | V6: =AE6 -> 0 | W6: =AF6 -> -1 | X6: =AG6 -> 0 | AB6: =IFERROR(IF(OR(B6=0,B6=""),0,1),0) -> 0 | AC6: =IFERROR(IF(OR(C6="S",C6="D"),IF(AND(C6="D",D6="F"),1,IF(AND(C6="S",D6="M"),1,0)),IF(OR(C6="W",C6="H"),IF(OR(AND(C6="W",D6="F"),AND(C6="H",D6="M")),1,),IF(OR(D6="M",D6="F"),1,0))),0) -> 0 | AD6: =IFERROR(IF(OR(C6="E",C6="W",C6="H"),1,IF(C6 = "S",IF(D6="M",1,0),IF(D6 = "F",1,0))),0) -> 0 | AE6: =IFERROR(IF(OR(E6="M",E6="S"),IF(E6="M",IF(OR(C6="S",C6 = "D"),0,1),IF(OR(C6="W",C6="H"),0,1)),0),0) -> 0 | AF6: =IF(G6="",-1,IF(AND(G6<=TODAY(),ISNUMBER(DATE(YEAR(G6),MONTH(G6),DAY(G6)))),IF(AND(OR(C6="S",C6="D"),J6>24),-1,1),-1)) -> -1 | AG6: =IF(OR(I6="CAT 1",I6="CAT 2",I6="CAT 3",I6="CAT 4"),1,0) -> 0 | AH6: =PRODUCT(AF6:AG6)*AE6 -> 0 | AJ6: =AJ5+5 -> 20 | AK6: 20-24 | AM6: date min | AN6: =AN7-(99*365.25) -> 9553.25
A7: 6 | J7: =IFERROR(IF(G7="","",ROUNDDOWN(IF($G7="","",(inception_date-$G7)/365.25),0)),0) | K7: =IF(I7="","",IF($AM$3=1,IFERROR(IF(J7=FALSE,"",VLOOKUP(J7,$AJ$1:$AK$18,2,1)),""),IFERROR(IF(J7 = "FALSE","",VLOOKUP(J7,#REF!,2,TRUE)),""))) | O7: =IF(C7="","",IF(R7=1,"Yes","No")) | P7: =IFERROR(IF(C7="","",IF(AND(Census!C7="E",Census!J7>=18,Census!J7<=65),"Yes","No")),"ERROR") | Q7: =IFERROR(IF(C7="","",IF(AND(Census!C7="E",Census!J7>=18,Census!J7<=64),"Yes","No")),"ERROR") | R7: =IF(OR(AB7<>1,AC7<>1,AD7<>1,AF7<>1,AE7<>1,AG7<>1),-1,1) -> -1 | S7: =AB7 -> 0 | T7: =AC7 -> 0 | U7: =AD7 -> 0 | V7: =AE7 -> 0 | W7: =AF7 -> -1 | X7: =AG7 -> 0 | AB7: =IFERROR(IF(OR(B7=0,B7=""),0,1),0) -> 0 | AC7: =IFERROR(IF(OR(C7="S",C7="D"),IF(AND(C7="D",D7="F"),1,IF(AND(C7="S",D7="M"),1,0)),IF(OR(C7="W",C7="H"),IF(OR(AND(C7="W",D7="F"),AND(C7="H",D7="M")),1,),IF(OR(D7="M",D7="F"),1,0))),0) -> 0 | AD7: =IFERROR(IF(OR(C7="E",C7="W",C7="H"),1,IF(C7 = "S",IF(D7="M",1,0),IF(D7 = "F",1,0))),0) -> 0 | AE7: =IFERROR(IF(OR(E7="M",E7="S"),IF(E7="M",IF(OR(C7="S",C7 = "D"),0,1),IF(OR(C7="W",C7="H"),0,1)),0),0) -> 0 | AF7: =IF(G7="",-1,IF(AND(G7<=TODAY(),ISNUMBER(DATE(YEAR(G7),MONTH(G7),DAY(G7)))),IF(AND(OR(C7="S",C7="D"),J7>24),-1,1),-1)) -> -1 | AG7: =IF(OR(I7="CAT 1",I7="CAT 2",I7="CAT 3",I7="CAT 4"),1,0) -> 0 | AH7: =PRODUCT(AF7:AG7)*AE7 -> 0 | AJ7: =AJ6+5 -> 25 | AK7: 25-29 | AM7: date max | AN7: =TODAY() -> 45713
A8: 7 | J8: =IFERROR(IF(G8="","",ROUNDDOWN(IF($G8="","",(inception_date-$G8)/365.25),0)),0) | K8: =IF(I8="","",IF($AM$3=1,IFERROR(IF(J8=FALSE,"",VLOOKUP(J8,$AJ$1:$AK$18,2,1)),""),IFERROR(IF(J8 = "FALSE","",VLOOKUP(J8,#REF!,2,TRUE)),""))) | O8: =IF(C8="","",IF(R8=1,"Yes","No")) | P8: =IFERROR(IF(C8="","",IF(AND(Census!C8="E",Census!J8>=18,Census!J8<=65),"Yes","No")),"ERROR") | Q8: =IFERROR(IF(C8="","",IF(AND(Census!C8="E",Census!J8>=18,Census!J8<=64),"Yes","No")),"ERROR") | R8: =IF(OR(AB8<>1,AC8<>1,AD8<>1,AF8<>1,AE8<>1,AG8<>1),-1,1) -> -1 | S8: =AB8 -> 0 | T8: =AC8 -> 0 | U8: =AD8 -> 0 | V8: =AE8 -> 0 | W8: =AF8 -> -1 | X8: =AG8 -> 0 | AB8: =IFERROR(IF(OR(B8=0,B8=""),0,1),0) -> 0 | AC8: =IFERROR(IF(OR(C8="S",C8="D"),IF(AND(C8="D",D8="F"),1,IF(AND(C8="S",D8="M"),1,0)),IF(OR(C8="W",C8="H"),IF(OR(AND(C8="W",D8="F"),AND(C8="H",D8="M")),1,),IF(OR(D8="M",D8="F"),1,0))),0) -> 0 | AD8: =IFERROR(IF(OR(C8="E",C8="W",C8="H"),1,IF(C8 = "S",IF(D8="M",1,0),IF(D8 = "F",1,0))),0) -> 0 | AE8: =IFERROR(IF(OR(E8="M",E8="S"),IF(E8="M",IF(OR(C8="S",C8 = "D"),0,1),IF(OR(C8="W",C8="H"),0,1)),0),0) -> 0 | AF8: =IF(G8="",-1,IF(AND(G8<=TODAY(),ISNUMBER(DATE(YEAR(G8),MONTH(G8),DAY(G8)))),IF(AND(OR(C8="S",C8="D"),J8>24),-1,1),-1)) -> -1 | AG8: =IF(OR(I8="CAT 1",I8="CAT 2",I8="CAT 3",I8="CAT 4"),1,0) -> 0 | AH8: =PRODUCT(AF8:AG8)*AE8 -> 0 | AJ8: =AJ7+5 -> 30 | AK8: 30-34
A9: 8 | J9: =IFERROR(IF(G9="","",ROUNDDOWN(IF($G9="","",(inception_date-$G9)/365.25),0)),0) | K9: =IF(I9="","",IF($AM$3=1,IFERROR(IF(J9=FALSE,"",VLOOKUP(J9,$AJ$1:$AK$18,2,1)),""),IFERROR(IF(J9 = "FALSE","",VLOOKUP(J9,#REF!,2,TRUE)),""))) | O9: =IF(C9="","",IF(R9=1,"Yes","No")) | P9: =IFERROR(IF(C9="","",IF(AND(Census!C9="E",Census!J9>=18,Census!J9<=65),"Yes","No")),"ERROR") | Q9: =IFERROR(IF(C9="","",IF(AND(Census!C9="E",Census!J9>=18,Census!J9<=64),"Yes","No")),"ERROR") | R9: =IF(OR(AB9<>1,AC9<>1,AD9<>1,AF9<>1,AE9<>1,AG9<>1),-1,1) -> -1 | S9: =AB9 -> 0 | T9: =AC9 -> 0 | U9: =AD9 -> 0 | V9: =AE9 -> 0 | W9: =AF9 -> -1 | X9: =AG9 -> 0 | AB9: =IFERROR(IF(OR(B9=0,B9=""),0,1),0) -> 0 | AC9: =IFERROR(IF(OR(C9="S",C9="D"),IF(AND(C9="D",D9="F"),1,IF(AND(C9="S",D9="M"),1,0)),IF(OR(C9="W",C9="H"),IF(OR(AND(C9="W",D9="F"),AND(C9="H",D9="M")),1,),IF(OR(D9="M",D9="F"),1,0))),0) -> 0 | AD9: =IFERROR(IF(OR(C9="E",C9="W",C9="H"),1,IF(C9 = "S",IF(D9="M",1,0),IF(D9 = "F",1,0))),0) -> 0 | AE9: =IFERROR(IF(OR(E9="M",E9="S"),IF(E9="M",IF(OR(C9="S",C9 = "D"),0,1),IF(OR(C9="W",C9="H"),0,1)),0),0) -> 0 | AF9: =IF(G9="",-1,IF(AND(G9<=TODAY(),ISNUMBER(DATE(YEAR(G9),MONTH(G9),DAY(G9)))),IF(AND(OR(C9="S",C9="D"),J9>24),-1,1),-1)) -> -1 | AG9: =IF(OR(I9="CAT 1",I9="CAT 2",I9="CAT 3",I9="CAT 4"),1,0) -> 0 | AH9: =PRODUCT(AF9:AG9)*AE9 -> 0 | AJ9: =AJ8+5 -> 35 | AK9: 35-39
A10: 9 | J10: =IFERROR(IF(G10="","",ROUNDDOWN(IF($G10="","",(inception_date-$G10)/365.25),0)),0) | K10: =IF(I10="","",IF($AM$3=1,IFERROR(IF(J10=FALSE,"",VLOOKUP(J10,$AJ$1:$AK$18,2,1)),""),IFERROR(IF(J10 = "FALSE","",VLOOKUP(J10,#REF!,2,TRUE)),""))) | O10: =IF(C10="","",IF(R10=1,"Yes","No")) | P10: =IFERROR(IF(C10="","",IF(AND(Census!C10="E",Census!J10>=18,Census!J10<=65),"Yes","No")),"ERROR") | Q10: =IFERROR(IF(C10="","",IF(AND(Census!C10="E",Census!J10>=18,Census!J10<=64),"Yes","No")),"ERROR") | R10: =IF(OR(AB10<>1,AC10<>1,AD10<>1,AF10<>1,AE10<>1,AG10<>1),-1,1) -> -1 | S10: =AB10 -> 0 | T10: =AC10 -> 0 | U10: =AD10 -> 0 | V10: =AE10 -> 0 | W10: =AF10 -> -1 | X10: =AG10 -> 0 | AB10: =IFERROR(IF(OR(B10=0,B10=""),0,1),0) -> 0 | AC10: =IFERROR(IF(OR(C10="S",C10="D"),IF(AND(C10="D",D10="F"),1,IF(AND(C10="S",D10="M"),1,0)),IF(OR(C10="W",C10="H"),IF(OR(AND(C10="W",D10="F"),AND(C10="H",D10="M")),1,),IF(OR(D10="M",D10="F"),1,0))),0) -> 0 | AD10: =IFERROR(IF(OR(C10="E",C10="W",C10="H"),1,IF(C10 = "S",IF(D10="M",1,0),IF(D10 = "F",1,0))),0) -> 0 | AE10: =IFERROR(IF(OR(E10="M",E10="S"),IF(E10="M",IF(OR(C10="S",C10 = "D"),0,1),IF(OR(C10="W",C10="H"),0,1)),0),0) -> 0 | AF10: =IF(G10="",-1,IF(AND(G10<=TODAY(),ISNUMBER(DATE(YEAR(G10),MONTH(G10),DAY(G10)))),IF(AND(OR(C10="S",C10="D"),J10>24),-1,1),-1)) -> -1 | AG10: =IF(OR(I10="CAT 1",I10="CAT 2",I10="CAT 3",I10="CAT 4"),1,0) -> 0 | AH10: =PRODUCT(AF10:AG10)*AE10 -> 0 | AJ10: =AJ9+5 -> 40 | AK10: 40-44
A11: 10 | J11: =IFERROR(IF(G11="","",ROUNDDOWN(IF($G11="","",(inception_date-$G11)/365.25),0)),0) | K11: =IF(I11="","",IF($AM$3=1,IFERROR(IF(J11=FALSE,"",VLOOKUP(J11,$AJ$1:$AK$18,2,1)),""),IFERROR(IF(J11 = "FALSE","",VLOOKUP(J11,#REF!,2,TRUE)),""))) | O11: =IF(C11="","",IF(R11=1,"Yes","No")) | P11: =IFERROR(IF(C11="","",IF(AND(Census!C11="E",Census!J11>=18,Census!J11<=65),"Yes","No")),"ERROR") | Q11: =IFERROR(IF(C11="","",IF(AND(Census!C11="E",Census!J11>=18,Census!J11<=64),"Yes","No")),"ERROR") | R11: =IF(OR(AB11<>1,AC11<>1,AD11<>1,AF11<>1,AE11<>1,AG11<>1),-1,1) -> -1 | S11: =AB11 -> 0 | T11: =AC11 -> 0 | U11: =AD11 -> 0 | V11: =AE11 -> 0 | W11: =AF11 -> -1 | X11: =AG11 -> 0 | AB11: =IFERROR(IF(OR(B11=0,B11=""),0,1),0) -> 0 | AC11: =IFERROR(IF(OR(C11="S",C11="D"),IF(AND(C11="D",D11="F"),1,IF(AND(C11="S",D11="M"),1,0)),IF(OR(C11="W",C11="H"),IF(OR(AND(C11="W",D11="F"),AND(C11="H",D11="M")),1,),IF(OR(D11="M",D11="F"),1,0))),0) -> 0 | AD11: =IFERROR(IF(OR(C11="E",C11="W",C11="H"),1,IF(C11 = "S",IF(D11="M",1,0),IF(D11 = "F",1,0))),0) -> 0 | AE11: =IFERROR(IF(OR(E11="M",E11="S"),IF(E11="M",IF(OR(C11="S",C11 = "D"),0,1),IF(OR(C11="W",C11="H"),0,1)),0),0) -> 0 | AF11: =IF(G11="",-1,IF(AND(G11<=TODAY(),ISNUMBER(DATE(YEAR(G11),MONTH(G11),DAY(G11)))),IF(AND(OR(C11="S",C11="D"),J11>24),-1,1),-1)) -> -1 | AG11: =IF(OR(I11="CAT 1",I11="CAT 2",I11="CAT 3",I11="CAT 4"),1,0) -> 0 | AH11: =PRODUCT(AF11:AG11)*AE11 -> 0 | AJ11: =AJ10+5 -> 45 | AK11: 45-49
A12: 11 | J12: =IFERROR(IF(G12="","",ROUNDDOWN(IF($G12="","",(inception_date-$G12)/365.25),0)),0) | K12: =IF(I12="","",IF($AM$3=1,IFERROR(IF(J12=FALSE,"",VLOOKUP(J12,$AJ$1:$AK$18,2,1)),""),IFERROR(IF(J12 = "FALSE","",VLOOKUP(J12,#REF!,2,TRUE)),""))) | O12: =IF(C12="","",IF(R12=1,"Yes","No")) | P12: =IFERROR(IF(C12="","",IF(AND(Census!C12="E",Census!J12>=18,Census!J12<=65),"Yes","No")),"ERROR") | Q12: =IFERROR(IF(C12="","",IF(AND(Census!C12="E",Census!J12>=18,Census!J12<=64),"Yes","No")),"ERROR") | R12: =IF(OR(AB12<>1,AC12<>1,AD12<>1,AF12<>1,AE12<>1,AG12<>1),-1,1) -> -1 | S12: =AB12 -> 0 | T12: =AC12 -> 0 | U12: =AD12 -> 0 | V12: =AE12 -> 0 | W12: =AF12 -> -1 | X12: =AG12 -> 0 | AB12: =IFERROR(IF(OR(B12=0,B12=""),0,1),0) -> 0 | AC12: =IFERROR(IF(OR(C12="S",C12="D"),IF(AND(C12="D",D12="F"),1,IF(AND(C12="S",D12="M"),1,0)),IF(OR(C12="W",C12="H"),IF(OR(AND(C12="W",D12="F"),AND(C12="H",D12="M")),1,),IF(OR(D12="M",D12="F"),1,0))),0) -> 0 | AD12: =IFERROR(IF(OR(C12="E",C12="W",C12="H"),1,IF(C12 = "S",IF(D12="M",1,0),IF(D12 = "F",1,0))),0) -> 0 | AE12: =IFERROR(IF(OR(E12="M",E12="S"),IF(E12="M",IF(OR(C12="S",C12 = "D"),0,1),IF(OR(C12="W",C12="H"),0,1)),0),0) -> 0 | AF12: =IF(G12="",-1,IF(AND(G12<=TODAY(),ISNUMBER(DATE(YEAR(G12),MONTH(G12),DAY(G12)))),IF(AND(OR(C12="S",C12="D"),J12>24),-1,1),-1)) -> -1 | AG12: =IF(OR(I12="CAT 1",I12="CAT 2",I12="CAT 3",I12="CAT 4"),1,0) -> 0 | AH12: =PRODUCT(AF12:AG12)*AE12 -> 0 | AJ12: =AJ11+5 -> 50 | AK12: 50-54
A13: 12 | J13: =IFERROR(IF(G13="","",ROUNDDOWN(IF($G13="","",(inception_date-$G13)/365.25),0)),0) | K13: =IF(I13="","",IF($AM$3=1,IFERROR(IF(J13=FALSE,"",VLOOKUP(J13,$AJ$1:$AK$18,2,1)),""),IFERROR(IF(J13 = "FALSE","",VLOOKUP(J13,#REF!,2,TRUE)),""))) | O13: =IF(C13="","",IF(R13=1,"Yes","No")) | P13: =IFERROR(IF(C13="","",IF(AND(Census!C13="E",Census!J13>=18,Census!J13<=65),"Yes","No")),"ERROR") | Q13: =IFERROR(IF(C13="","",IF(AND(Census!C13="E",Census!J13>=18,Census!J13<=64),"Yes","No")),"ERROR") | R13: =IF(OR(AB13<>1,AC13<>1,AD13<>1,AF13<>1,AE13<>1,AG13<>1),-1,1) -> -1 | S13: =AB13 -> 0 | T13: =AC13 -> 0 | U13: =AD13 -> 0 | V13: =AE13 -> 0 | W13: =AF13 -> -1 | X13: =AG13 -> 0 | AB13: =IFERROR(IF(OR(B13=0,B13=""),0,1),0) -> 0 | AC13: =IFERROR(IF(OR(C13="S",C13="D"),IF(AND(C13="D",D13="F"),1,IF(AND(C13="S",D13="M"),1,0)),IF(OR(C13="W",C13="H"),IF(OR(AND(C13="W",D13="F"),AND(C13="H",D13="M")),1,),IF(OR(D13="M",D13="F"),1,0))),0) -> 0 | AD13: =IFERROR(IF(OR(C13="E",C13="W",C13="H"),1,IF(C13 = "S",IF(D13="M",1,0),IF(D13 = "F",1,0))),0) -> 0 | AE13: =IFERROR(IF(OR(E13="M",E13="S"),IF(E13="M",IF(OR(C13="S",C13 = "D"),0,1),IF(OR(C13="W",C13="H"),0,1)),0),0) -> 0 | AF13: =IF(G13="",-1,IF(AND(G13<=TODAY(),ISNUMBER(DATE(YEAR(G13),MONTH(G13),DAY(G13)))),IF(AND(OR(C13="S",C13="D"),J13>24),-1,1),-1)) -> -1 | AG13: =IF(OR(I13="CAT 1",I13="CAT 2",I13="CAT 3",I13="CAT 4"),1,0) -> 0 | AH13: =PRODUCT(AF13:AG13)*AE13 -> 0 | AJ13: =AJ12+5 -> 55 | AK13: 55-59
A14: 13 | J14: =IFERROR(IF(G14="","",ROUNDDOWN(IF($G14="","",(inception_date-$G14)/365.25),0)),0) | K14: =IF(I14="","",IF($AM$3=1,IFERROR(IF(J14=FALSE,"",VLOOKUP(J14,$AJ$1:$AK$18,2,1)),""),IFERROR(IF(J14 = "FALSE","",VLOOKUP(J14,#REF!,2,TRUE)),""))) | O14: =IF(C14="","",IF(R14=1,"Yes","No")) | P14: =IFERROR(IF(C14="","",IF(AND(Census!C14="E",Census!J14>=18,Census!J14<=65),"Yes","No")),"ERROR") | Q14: =IFERROR(IF(C14="","",IF(AND(Census!C14="E",Census!J14>=18,Census!J14<=64),"Yes","No")),"ERROR") | R14: =IF(OR(AB14<>1,AC14<>1,AD14<>1,AF14<>1,AE14<>1,AG14<>1),-1,1) -> -1 | S14: =AB14 -> 0 | T14: =AC14 -> 0 | U14: =AD14 -> 0 | V14: =AE14 -> 0 | W14: =AF14 -> -1 | X14: =AG14 -> 0 | AB14: =IFERROR(IF(OR(B14=0,B14=""),0,1),0) -> 0 | AC14: =IFERROR(IF(OR(C14="S",C14="D"),IF(AND(C14="D",D14="F"),1,IF(AND(C14="S",D14="M"),1,0)),IF(OR(C14="W",C14="H"),IF(OR(AND(C14="W",D14="F"),AND(C14="H",D14="M")),1,),IF(OR(D14="M",D14="F"),1,0))),0) -> 0 | AD14: =IFERROR(IF(OR(C14="E",C14="W",C14="H"),1,IF(C14 = "S",IF(D14="M",1,0),IF(D14 = "F",1,0))),0) -> 0 | AE14: =IFERROR(IF(OR(E14="M",E14="S"),IF(E14="M",IF(OR(C14="S",C14 = "D"),0,1),IF(OR(C14="W",C14="H"),0,1)),0),0) -> 0 | AF14: =IF(G14="",-1,IF(AND(G14<=TODAY(),ISNUMBER(DATE(YEAR(G14),MONTH(G14),DAY(G14)))),IF(AND(OR(C14="S",C14="D"),J14>24),-1,1),-1)) -> -1 | AG14: =IF(OR(I14="CAT 1",I14="CAT 2",I14="CAT 3",I14="CAT 4"),1,0) -> 0 | AH14: =PRODUCT(AF14:AG14)*AE14 -> 0 | AJ14: =AJ13+5 -> 60 | AK14: 60-64
A15: 14 | J15: =IFERROR(IF(G15="","",ROUNDDOWN(IF($G15="","",(inception_date-$G15)/365.25),0)),0) | K15: =IF(I15="","",IF($AM$3=1,IFERROR(IF(J15=FALSE,"",VLOOKUP(J15,$AJ$1:$AK$18,2,1)),""),IFERROR(IF(J15 = "FALSE","",VLOOKUP(J15,#REF!,2,TRUE)),""))) | O15: =IF(C15="","",IF(R15=1,"Yes","No")) | P15: =IFERROR(IF(C15="","",IF(AND(Census!C15="E",Census!J15>=18,Census!J15<=65),"Yes","No")),"ERROR") | Q15: =IFERROR(IF(C15="","",IF(AND(Census!C15="E",Census!J15>=18,Census!J15<=64),"Yes","No")),"ERROR") | R15: =IF(OR(AB15<>1,AC15<>1,AD15<>1,AF15<>1,AE15<>1,AG15<>1),-1,1) -> -1 | S15: =AB15 -> 0 | T15: =AC15 -> 0 | U15: =AD15 -> 0 | V15: =AE15 -> 0 | W15: =AF15 -> -1 | X15: =AG15 -> 0 | AB15: =IFERROR(IF(OR(B15=0,B15=""),0,1),0) -> 0 | AC15: =IFERROR(IF(OR(C15="S",C15="D"),IF(AND(C15="D",D15="F"),1,IF(AND(C15="S",D15="M"),1,0)),IF(OR(C15="W",C15="H"),IF(OR(AND(C15="W",D15="F"),AND(C15="H",D15="M")),1,),IF(OR(D15="M",D15="F"),1,0))),0) -> 0 | AD15: =IFERROR(IF(OR(C15="E",C15="W",C15="H"),1,IF(C15 = "S",IF(D15="M",1,0),IF(D15 = "F",1,0))),0) -> 0 | AE15: =IFERROR(IF(OR(E15="M",E15="S"),IF(E15="M",IF(OR(C15="S",C15 = "D"),0,1),IF(OR(C15="W",C15="H"),0,1)),0),0) -> 0 | AF15: =IF(G15="",-1,IF(AND(G15<=TODAY(),ISNUMBER(DATE(YEAR(G15),MONTH(G15),DAY(G15)))),IF(AND(OR(C15="S",C15="D"),J15>24),-1,1),-1)) -> -1 | AG15: =IF(OR(I15="CAT 1",I15="CAT 2",I15="CAT 3",I15="CAT 4"),1,0) -> 0 | AH15: =PRODUCT(AF15:AG15)*AE15 -> 0 | AJ15: =AJ14+5 -> 65 | AK15: 65-69
A16: 15 | J16: =IFERROR(IF(G16="","",ROUNDDOWN(IF($G16="","",(inception_date-$G16)/365.25),0)),0) | K16: =IF(I16="","",IF($AM$3=1,IFERROR(IF(J16=FALSE,"",VLOOKUP(J16,$AJ$1:$AK$18,2,1)),""),IFERROR(IF(J16 = "FALSE","",VLOOKUP(J16,#REF!,2,TRUE)),""))) | O16: =IF(C16="","",IF(R16=1,"Yes","No")) | P16: =IFERROR(IF(C16="","",IF(AND(Census!C16="E",Census!J16>=18,Census!J16<=65),"Yes","No")),"ERROR") | Q16: =IFERROR(IF(C16="","",IF(AND(Census!C16="E",Census!J16>=18,Census!J16<=64),"Yes","No")),"ERROR") | R16: =IF(OR(AB16<>1,AC16<>1,AD16<>1,AF16<>1,AE16<>1,AG16<>1),-1,1) -> -1 | S16: =AB16 -> 0 | T16: =AC16 -> 0 | U16: =AD16 -> 0 | V16: =AE16 -> 0 | W16: =AF16 -> -1 | X16: =AG16 -> 0 | AB16: =IFERROR(IF(OR(B16=0,B16=""),0,1),0) -> 0 | AC16: =IFERROR(IF(OR(C16="S",C16="D"),IF(AND(C16="D",D16="F"),1,IF(AND(C16="S",D16="M"),1,0)),IF(OR(C16="W",C16="H"),IF(OR(AND(C16="W",D16="F"),AND(C16="H",D16="M")),1,),IF(OR(D16="M",D16="F"),1,0))),0) -> 0 | AD16: =IFERROR(IF(OR(C16="E",C16="W",C16="H"),1,IF(C16 = "S",IF(D16="M",1,0),IF(D16 = "F",1,0))),0) -> 0 | AE16: =IFERROR(IF(OR(E16="M",E16="S"),IF(E16="M",IF(OR(C16="S",C16 = "D"),0,1),IF(OR(C16="W",C16="H"),0,1)),0),0) -> 0 | AF16: =IF(G16="",-1,IF(AND(G16<=TODAY(),ISNUMBER(DATE(YEAR(G16),MONTH(G16),DAY(G16)))),IF(AND(OR(C16="S",C16="D"),J16>24),-1,1),-1)) -> -1 | AG16: =IF(OR(I16="CAT 1",I16="CAT 2",I16="CAT 3",I16="CAT 4"),1,0) -> 0 | AH16: =PRODUCT(AF16:AG16)*AE16 -> 0 | AJ16: =AJ15+5 -> 70 | AK16: 70-74
A17: 16 | J17: =IFERROR(IF(G17="","",ROUNDDOWN(IF($G17="","",(inception_date-$G17)/365.25),0)),0) | K17: =IF(I17="","",IF($AM$3=1,IFERROR(IF(J17=FALSE,"",VLOOKUP(J17,$AJ$1:$AK$18,2,1)),""),IFERROR(IF(J17 = "FALSE","",VLOOKUP(J17,#REF!,2,TRUE)),""))) | O17: =IF(C17="","",IF(R17=1,"Yes","No")) | P17: =IFERROR(IF(C17="","",IF(AND(Census!C17="E",Census!J17>=18,Census!J17<=65),"Yes","No")),"ERROR") | Q17: =IFERROR(IF(C17="","",IF(AND(Census!C17="E",Census!J17>=18,Census!J17<=64),"Yes","No")),"ERROR") | R17: =IF(OR(AB17<>1,AC17<>1,AD17<>1,AF17<>1,AE17<>1,AG17<>1),-1,1) -> -1 | S17: =AB17 -> 0 | T17: =AC17 -> 0 | U17: =AD17 -> 0 | V17: =AE17 -> 0 | W17: =AF17 -> -1 | X17: =AG17 -> 0 | AB17: =IFERROR(IF(OR(B17=0,B17=""),0,1),0) -> 0 | AC17: =IFERROR(IF(OR(C17="S",C17="D"),IF(AND(C17="D",D17="F"),1,IF(AND(C17="S",D17="M"),1,0)),IF(OR(C17="W",C17="H"),IF(OR(AND(C17="W",D17="F"),AND(C17="H",D17="M")),1,),IF(OR(D17="M",D17="F"),1,0))),0) -> 0 | AD17: =IFERROR(IF(OR(C17="E",C17="W",C17="H"),1,IF(C17 = "S",IF(D17="M",1,0),IF(D17 = "F",1,0))),0) -> 0 | AE17: =IFERROR(IF(OR(E17="M",E17="S"),IF(E17="M",IF(OR(C17="S",C17 = "D"),0,1),IF(OR(C17="W",C17="H"),0,1)),0),0) -> 0 | AF17: =IF(G17="",-1,IF(AND(G17<=TODAY(),ISNUMBER(DATE(YEAR(G17),MONTH(G17),DAY(G17)))),IF(AND(OR(C17="S",C17="D"),J17>24),-1,1),-1)) -> -1 | AG17: =IF(OR(I17="CAT 1",I17="CAT 2",I17="CAT 3",I17="CAT 4"),1,0) -> 0 | AH17: =PRODUCT(AF17:AG17)*AE17 -> 0 | AJ17: =AJ16+5 -> 75 | AK17: 75-79
A18: 17 | J18: =IFERROR(IF(G18="","",ROUNDDOWN(IF($G18="","",(inception_date-$G18)/365.25),0)),0) | K18: =IF(I18="","",IF($AM$3=1,IFERROR(IF(J18=FALSE,"",VLOOKUP(J18,$AJ$1:$AK$18,2,1)),""),IFERROR(IF(J18 = "FALSE","",VLOOKUP(J18,#REF!,2,TRUE)),""))) | O18: =IF(C18="","",IF(R18=1,"Yes","No")) | P18: =IFERROR(IF(C18="","",IF(AND(Census!C18="E",Census!J18>=18,Census!J18<=65),"Yes","No")),"ERROR") | Q18: =IFERROR(IF(C18="","",IF(AND(Census!C18="E",Census!J18>=18,Census!J18<=64),"Yes","No")),"ERROR") | R18: =IF(OR(AB18<>1,AC18<>1,AD18<>1,AF18<>1,AE18<>1,AG18<>1),-1,1) -> -1 | S18: =AB18 -> 0 | T18: =AC18 -> 0 | U18: =AD18 -> 0 | V18: =AE18 -> 0 | W18: =AF18 -> -1 | X18: =AG18 -> 0 | AB18: =IFERROR(IF(OR(B18=0,B18=""),0,1),0) -> 0 | AC18: =IFERROR(IF(OR(C18="S",C18="D"),IF(AND(C18="D",D18="F"),1,IF(AND(C18="S",D18="M"),1,0)),IF(OR(C18="W",C18="H"),IF(OR(AND(C18="W",D18="F"),AND(C18="H",D18="M")),1,),IF(OR(D18="M",D18="F"),1,0))),0) -> 0 | AD18: =IFERROR(IF(OR(C18="E",C18="W",C18="H"),1,IF(C18 = "S",IF(D18="M",1,0),IF(D18 = "F",1,0))),0) -> 0 | AE18: =IFERROR(IF(OR(E18="M",E18="S"),IF(E18="M",IF(OR(C18="S",C18 = "D"),0,1),IF(OR(C18="W",C18="H"),0,1)),0),0) -> 0 | AF18: =IF(G18="",-1,IF(AND(G18<=TODAY(),ISNUMBER(DATE(YEAR(G18),MONTH(G18),DAY(G18)))),IF(AND(OR(C18="S",C18="D"),J18>24),-1,1),-1)) -> -1 | AG18: =IF(OR(I18="CAT 1",I18="CAT 2",I18="CAT 3",I18="CAT 4"),1,0) -> 0 | AH18: =PRODUCT(AF18:AG18)*AE18 -> 0 | AJ18: =AJ17+5 -> 80 | AK18: 80-Above
A19: 18 | J19: =IFERROR(IF(G19="","",ROUNDDOWN(IF($G19="","",(inception_date-$G19)/365.25),0)),0) | K19: =IF(I19="","",IF($AM$3=1,IFERROR(IF(J19=FALSE,"",VLOOKUP(J19,$AJ$1:$AK$18,2,1)),""),IFERROR(IF(J19 = "FALSE","",VLOOKUP(J19,#REF!,2,TRUE)),""))) | O19: =IF(C19="","",IF(R19=1,"Yes","No")) | P19: =IFERROR(IF(C19="","",IF(AND(Census!C19="E",Census!J19>=18,Census!J19<=65),"Yes","No")),"ERROR") | Q19: =IFERROR(IF(C19="","",IF(AND(Census!C19="E",Census!J19>=18,Census!J19<=64),"Yes","No")),"ERROR") | R19: =IF(OR(AB19<>1,AC19<>1,AD19<>1,AF19<>1,AE19<>1,AG19<>1),-1,1) -> -1 | S19: =AB19 -> 0 | T19: =AC19 -> 0 | U19: =AD19 -> 0 | V19: =AE19 -> 0 | W19: =AF19 -> -1 | X19: =AG19 -> 0 | AB19: =IFERROR(IF(OR(B19=0,B19=""),0,1),0) -> 0 | AC19: =IFERROR(IF(OR(C19="S",C19="D"),IF(AND(C19="D",D19="F"),1,IF(AND(C19="S",D19="M"),1,0)),IF(OR(C19="W",C19="H"),IF(OR(AND(C19="W",D19="F"),AND(C19="H",D19="M")),1,),IF(OR(D19="M",D19="F"),1,0))),0) -> 0 | AD19: =IFERROR(IF(OR(C19="E",C19="W",C19="H"),1,IF(C19 = "S",IF(D19="M",1,0),IF(D19 = "F",1,0))),0) -> 0 | AE19: =IFERROR(IF(OR(E19="M",E19="S"),IF(E19="M",IF(OR(C19="S",C19 = "D"),0,1),IF(OR(C19="W",C19="H"),0,1)),0),0) -> 0 | AF19: =IF(G19="",-1,IF(AND(G19<=TODAY(),ISNUMBER(DATE(YEAR(G19),MONTH(G19),DAY(G19)))),IF(AND(OR(C19="S",C19="D"),J19>24),-1,1),-1)) -> -1 | AG19: =IF(OR(I19="CAT 1",I19="CAT 2",I19="CAT 3",I19="CAT 4"),1,0) -> 0 | AH19: =PRODUCT(AF19:AG19)*AE19 -> 0
A20: 19 | J20: =IFERROR(IF(G20="","",ROUNDDOWN(IF($G20="","",(inception_date-$G20)/365.25),0)),0) | K20: =IF(I20="","",IF($AM$3=1,IFERROR(IF(J20=FALSE,"",VLOOKUP(J20,$AJ$1:$AK$18,2,1)),""),IFERROR(IF(J20 = "FALSE","",VLOOKUP(J20,#REF!,2,TRUE)),""))) | O20: =IF(C20="","",IF(R20=1,"Yes","No")) | P20: =IFERROR(IF(C20="","",IF(AND(Census!C20="E",Census!J20>=18,Census!J20<=65),"Yes","No")),"ERROR") | Q20: =IFERROR(IF(C20="","",IF(AND(Census!C20="E",Census!J20>=18,Census!J20<=64),"Yes","No")),"ERROR") | R20: =IF(OR(AB20<>1,AC20<>1,AD20<>1,AF20<>1,AE20<>1,AG20<>1),-1,1) -> -1 | S20: =AB20 -> 0 | T20: =AC20 -> 0 | U20: =AD20 -> 0 | V20: =AE20 -> 0 | W20: =AF20 -> -1 | X20: =AG20 -> 0 | AB20: =IFERROR(IF(OR(B20=0,B20=""),0,1),0) -> 0 | AC20: =IFERROR(IF(OR(C20="S",C20="D"),IF(AND(C20="D",D20="F"),1,IF(AND(C20="S",D20="M"),1,0)),IF(OR(C20="W",C20="H"),IF(OR(AND(C20="W",D20="F"),AND(C20="H",D20="M")),1,),IF(OR(D20="M",D20="F"),1,0))),0) -> 0 | AD20: =IFERROR(IF(OR(C20="E",C20="W",C20="H"),1,IF(C20 = "S",IF(D20="M",1,0),IF(D20 = "F",1,0))),0) -> 0 | AE20: =IFERROR(IF(OR(E20="M",E20="S"),IF(E20="M",IF(OR(C20="S",C20 = "D"),0,1),IF(OR(C20="W",C20="H"),0,1)),0),0) -> 0 | AF20: =IF(G20="",-1,IF(AND(G20<=TODAY(),ISNUMBER(DATE(YEAR(G20),MONTH(G20),DAY(G20)))),IF(AND(OR(C20="S",C20="D"),J20>24),-1,1),-1)) -> -1 | AG20: =IF(OR(I20="CAT 1",I20="CAT 2",I20="CAT 3",I20="CAT 4"),1,0) -> 0 | AH20: =PRODUCT(AF20:AG20)*AE20 -> 0
A21: 20 | J21: =IFERROR(IF(G21="","",ROUNDDOWN(IF($G21="","",(inception_date-$G21)/365.25),0)),0) | K21: =IF(I21="","",IF($AM$3=1,IFERROR(IF(J21=FALSE,"",VLOOKUP(J21,$AJ$1:$AK$18,2,1)),""),IFERROR(IF(J21 = "FALSE","",VLOOKUP(J21,#REF!,2,TRUE)),""))) | O21: =IF(C21="","",IF(R21=1,"Yes","No")) | P21: =IFERROR(IF(C21="","",IF(AND(Census!C21="E",Census!J21>=18,Census!J21<=65),"Yes","No")),"ERROR") | Q21: =IFERROR(IF(C21="","",IF(AND(Census!C21="E",Census!J21>=18,Census!J21<=64),"Yes","No")),"ERROR") | R21: =IF(OR(AB21<>1,AC21<>1,AD21<>1,AF21<>1,AE21<>1,AG21<>1),-1,1) -> -1 | S21: =AB21 -> 0 | T21: =AC21 -> 0 | U21: =AD21 -> 0 | V21: =AE21 -> 0 | W21: =AF21 -> -1 | X21: =AG21 -> 0 | AB21: =IFERROR(IF(OR(B21=0,B21=""),0,1),0) -> 0 | AC21: =IFERROR(IF(OR(C21="S",C21="D"),IF(AND(C21="D",D21="F"),1,IF(AND(C21="S",D21="M"),1,0)),IF(OR(C21="W",C21="H"),IF(OR(AND(C21="W",D21="F"),AND(C21="H",D21="M")),1,),IF(OR(D21="M",D21="F"),1,0))),0) -> 0 | AD21: =IFERROR(IF(OR(C21="E",C21="W",C21="H"),1,IF(C21 = "S",IF(D21="M",1,0),IF(D21 = "F",1,0))),0) -> 0 | AE21: =IFERROR(IF(OR(E21="M",E21="S"),IF(E21="M",IF(OR(C21="S",C21 = "D"),0,1),IF(OR(C21="W",C21="H"),0,1)),0),0) -> 0 | AF21: =IF(G21="",-1,IF(AND(G21<=TODAY(),ISNUMBER(DATE(YEAR(G21),MONTH(G21),DAY(G21)))),IF(AND(OR(C21="S",C21="D"),J21>24),-1,1),-1)) -> -1 | AG21: =IF(OR(I21="CAT 1",I21="CAT 2",I21="CAT 3",I21="CAT 4"),1,0) -> 0 | AH21: =PRODUCT(AF21:AG21)*AE21 -> 0 | AJ21: nb non vide Age
A22: 21 | J22: =IFERROR(IF(G22="","",ROUNDDOWN(IF($G22="","",(inception_date-$G22)/365.25),0)),0) | K22: =IF(I22="","",IF($AM$3=1,IFERROR(IF(J22=FALSE,"",VLOOKUP(J22,$AJ$1:$AK$18,2,1)),""),IFERROR(IF(J22 = "FALSE","",VLOOKUP(J22,#REF!,2,TRUE)),""))) | O22: =IF(C22="","",IF(R22=1,"Yes","No")) | P22: =IFERROR(IF(C22="","",IF(AND(Census!C22="E",Census!J22>=18,Census!J22<=65),"Yes","No")),"ERROR") | Q22: =IFERROR(IF(C22="","",IF(AND(Census!C22="E",Census!J22>=18,Census!J22<=64),"Yes","No")),"ERROR") | R22: =IF(OR(AB22<>1,AC22<>1,AD22<>1,AF22<>1,AE22<>1,AG22<>1),-1,1) -> -1 | S22: =AB22 -> 0 | T22: =AC22 -> 0 | U22: =AD22 -> 0 | V22: =AE22 -> 0 | W22: =AF22 -> -1 | X22: =AG22 -> 0 | AB22: =IFERROR(IF(OR(B22=0,B22=""),0,1),0) -> 0 | AC22: =IFERROR(IF(OR(C22="S",C22="D"),IF(AND(C22="D",D22="F"),1,IF(AND(C22="S",D22="M"),1,0)),IF(OR(C22="W",C22="H"),IF(OR(AND(C22="W",D22="F"),AND(C22="H",D22="M")),1,),IF(OR(D22="M",D22="F"),1,0))),0) -> 0 | AD22: =IFERROR(IF(OR(C22="E",C22="W",C22="H"),1,IF(C22 = "S",IF(D22="M",1,0),IF(D22 = "F",1,0))),0) -> 0 | AE22: =IFERROR(IF(OR(E22="M",E22="S"),IF(E22="M",IF(OR(C22="S",C22 = "D"),0,1),IF(OR(C22="W",C22="H"),0,1)),0),0) -> 0 | AF22: =IF(G22="",-1,IF(AND(G22<=TODAY(),ISNUMBER(DATE(YEAR(G22),MONTH(G22),DAY(G22)))),IF(AND(OR(C22="S",C22="D"),J22>24),-1,1),-1)) -> -1 | AG22: =IF(OR(I22="CAT 1",I22="CAT 2",I22="CAT 3",I22="CAT 4"),1,0) -> 0 | AH22: =PRODUCT(AF22:AG22)*AE22 -> 0 | AJ22: nb non vide Categ
A23: 22 | J23: =IFERROR(IF(G23="","",ROUNDDOWN(IF($G23="","",(inception_date-$G23)/365.25),0)),0) | K23: =IF(I23="","",IF($AM$3=1,IFERROR(IF(J23=FALSE,"",VLOOKUP(J23,$AJ$1:$AK$18,2,1)),""),IFERROR(IF(J23 = "FALSE","",VLOOKUP(J23,#REF!,2,TRUE)),""))) | O23: =IF(C23="","",IF(R23=1,"Yes","No")) | P23: =IFERROR(IF(C23="","",IF(AND(Census!C23="E",Census!J23>=18,Census!J23<=65),"Yes","No")),"ERROR") | Q23: =IFERROR(IF(C23="","",IF(AND(Census!C23="E",Census!J23>=18,Census!J23<=64),"Yes","No")),"ERROR") | R23: =IF(OR(AB23<>1,AC23<>1,AD23<>1,AF23<>1,AE23<>1,AG23<>1),-1,1) -> -1 | S23: =AB23 -> 0 | T23: =AC23 -> 0 | U23: =AD23 -> 0 | V23: =AE23 -> 0 | W23: =AF23 -> -1 | X23: =AG23 -> 0 | AB23: =IFERROR(IF(OR(B23=0,B23=""),0,1),0) -> 0 | AC23: =IFERROR(IF(OR(C23="S",C23="D"),IF(AND(C23="D",D23="F"),1,IF(AND(C23="S",D23="M"),1,0)),IF(OR(C23="W",C23="H"),IF(OR(AND(C23="W",D23="F"),AND(C23="H",D23="M")),1,),IF(OR(D23="M",D23="F"),1,0))),0) -> 0 | AD23: =IFERROR(IF(OR(C23="E",C23="W",C23="H"),1,IF(C23 = "S",IF(D23="M",1,0),IF(D23 = "F",1,0))),0) -> 0 | AE23: =IFERROR(IF(OR(E23="M",E23="S"),IF(E23="M",IF(OR(C23="S",C23 = "D"),0,1),IF(OR(C23="W",C23="H"),0,1)),0),0) -> 0 | AF23: =IF(G23="",-1,IF(AND(G23<=TODAY(),ISNUMBER(DATE(YEAR(G23),MONTH(G23),DAY(G23)))),IF(AND(OR(C23="S",C23="D"),J23>24),-1,1),-1)) -> -1 | AG23: =IF(OR(I23="CAT 1",I23="CAT 2",I23="CAT 3",I23="CAT 4"),1,0) -> 0 | AH23: =PRODUCT(AF23:AG23)*AE23 -> 0 | AJ23: nb non vide Age
A24: 23 | J24: =IFERROR(IF(G24="","",ROUNDDOWN(IF($G24="","",(inception_date-$G24)/365.25),0)),0) | K24: =IF(I24="","",IF($AM$3=1,IFERROR(IF(J24=FALSE,"",VLOOKUP(J24,$AJ$1:$AK$18,2,1)),""),IFERROR(IF(J24 = "FALSE","",VLOOKUP(J24,#REF!,2,TRUE)),""))) | O24: =IF(C24="","",IF(R24=1,"Yes","No")) | P24: =IFERROR(IF(C24="","",IF(AND(Census!C24="E",Census!J24>=18,Census!J24<=65),"Yes","No")),"ERROR") | Q24: =IFERROR(IF(C24="","",IF(AND(Census!C24="E",Census!J24>=18,Census!J24<=64),"Yes","No")),"ERROR") | R24: =IF(OR(AB24<>1,AC24<>1,AD24<>1,AF24<>1,AE24<>1,AG24<>1),-1,1) -> -1 | S24: =AB24 -> 0 | T24: =AC24 -> 0 | U24: =AD24 -> 0 | V24: =AE24 -> 0 | W24: =AF24 -> -1 | X24: =AG24 -> 0 | AB24: =IFERROR(IF(OR(B24=0,B24=""),0,1),0) -> 0 | AC24: =IFERROR(IF(OR(C24="S",C24="D"),IF(AND(C24="D",D24="F"),1,IF(AND(C24="S",D24="M"),1,0)),IF(OR(C24="W",C24="H"),IF(OR(AND(C24="W",D24="F"),AND(C24="H",D24="M")),1,),IF(OR(D24="M",D24="F"),1,0))),0) -> 0 | AD24: =IFERROR(IF(OR(C24="E",C24="W",C24="H"),1,IF(C24 = "S",IF(D24="M",1,0),IF(D24 = "F",1,0))),0) -> 0 | AE24: =IFERROR(IF(OR(E24="M",E24="S"),IF(E24="M",IF(OR(C24="S",C24 = "D"),0,1),IF(OR(C24="W",C24="H"),0,1)),0),0) -> 0 | AF24: =IF(G24="",-1,IF(AND(G24<=TODAY(),ISNUMBER(DATE(YEAR(G24),MONTH(G24),DAY(G24)))),IF(AND(OR(C24="S",C24="D"),J24>24),-1,1),-1)) -> -1 | AG24: =IF(OR(I24="CAT 1",I24="CAT 2",I24="CAT 3",I24="CAT 4"),1,0) -> 0 | AH24: =PRODUCT(AF24:AG24)*AE24 -> 0
A25: 24 | J25: =IFERROR(IF(G25="","",ROUNDDOWN(IF($G25="","",(inception_date-$G25)/365.25),0)),0) | K25: =IF(I25="","",IF($AM$3=1,IFERROR(IF(J25=FALSE,"",VLOOKUP(J25,$AJ$1:$AK$18,2,1)),""),IFERROR(IF(J25 = "FALSE","",VLOOKUP(J25,#REF!,2,TRUE)),""))) | O25: =IF(C25="","",IF(R25=1,"Yes","No")) | P25: =IFERROR(IF(C25="","",IF(AND(Census!C25="E",Census!J25>=18,Census!J25<=65),"Yes","No")),"ERROR") | Q25: =IFERROR(IF(C25="","",IF(AND(Census!C25="E",Census!J25>=18,Census!J25<=64),"Yes","No")),"ERROR") | R25: =IF(OR(AB25<>1,AC25<>1,AD25<>1,AF25<>1,AE25<>1,AG25<>1),-1,1) -> -1 | S25: =AB25 -> 0 | T25: =AC25 -> 0 | U25: =AD25 -> 0 | V25: =AE25 -> 0 | W25: =AF25 -> -1 | X25: =AG25 -> 0 | AB25: =IFERROR(IF(OR(B25=0,B25=""),0,1),0) -> 0 | AC25: =IFERROR(IF(OR(C25="S",C25="D"),IF(AND(C25="D",D25="F"),1,IF(AND(C25="S",D25="M"),1,0)),IF(OR(C25="W",C25="H"),IF(OR(AND(C25="W",D25="F"),AND(C25="H",D25="M")),1,),IF(OR(D25="M",D25="F"),1,0))),0) -> 0 | AD25: =IFERROR(IF(OR(C25="E",C25="W",C25="H"),1,IF(C25 = "S",IF(D25="M",1,0),IF(D25 = "F",1,0))),0) -> 0 | AE25: =IFERROR(IF(OR(E25="M",E25="S"),IF(E25="M",IF(OR(C25="S",C25 = "D"),0,1),IF(OR(C25="W",C25="H"),0,1)),0),0) -> 0 | AF25: =IF(G25="",-1,IF(AND(G25<=TODAY(),ISNUMBER(DATE(YEAR(G25),MONTH(G25),DAY(G25)))),IF(AND(OR(C25="S",C25="D"),J25>24),-1,1),-1)) -> -1 | AG25: =IF(OR(I25="CAT 1",I25="CAT 2",I25="CAT 3",I25="CAT 4"),1,0) -> 0 | AH25: =PRODUCT(AF25:AG25)*AE25 -> 0
A26: 25 | J26: =IFERROR(IF(G26="","",ROUNDDOWN(IF($G26="","",(inception_date-$G26)/365.25),0)),0) | K26: =IF(I26="","",IF($AM$3=1,IFERROR(IF(J26=FALSE,"",VLOOKUP(J26,$AJ$1:$AK$18,2,1)),""),IFERROR(IF(J26 = "FALSE","",VLOOKUP(J26,#REF!,2,TRUE)),""))) | O26: =IF(C26="","",IF(R26=1,"Yes","No")) | P26: =IFERROR(IF(C26="","",IF(AND(Census!C26="E",Census!J26>=18,Census!J26<=65),"Yes","No")),"ERROR") | Q26: =IFERROR(IF(C26="","",IF(AND(Census!C26="E",Census!J26>=18,Census!J26<=64),"Yes","No")),"ERROR") | R26: =IF(OR(AB26<>1,AC26<>1,AD26<>1,AF26<>1,AE26<>1,AG26<>1),-1,1) -> -1 | S26: =AB26 -> 0 | T26: =AC26 -> 0 | U26: =AD26 -> 0 | V26: =AE26 -> 0 | W26: =AF26 -> -1 | X26: =AG26 -> 0 | AB26: =IFERROR(IF(OR(B26=0,B26=""),0,1),0) -> 0 | AC26: =IFERROR(IF(OR(C26="S",C26="D"),IF(AND(C26="D",D26="F"),1,IF(AND(C26="S",D26="M"),1,0)),IF(OR(C26="W",C26="H"),IF(OR(AND(C26="W",D26="F"),AND(C26="H",D26="M")),1,),IF(OR(D26="M",D26="F"),1,0))),0) -> 0 | AD26: =IFERROR(IF(OR(C26="E",C26="W",C26="H"),1,IF(C26 = "S",IF(D26="M",1,0),IF(D26 = "F",1,0))),0) -> 0 | AE26: =IFERROR(IF(OR(E26="M",E26="S"),IF(E26="M",IF(OR(C26="S",C26 = "D"),0,1),IF(OR(C26="W",C26="H"),0,1)),0),0) -> 0 | AF26: =IF(G26="",-1,IF(AND(G26<=TODAY(),ISNUMBER(DATE(YEAR(G26),MONTH(G26),DAY(G26)))),IF(AND(OR(C26="S",C26="D"),J26>24),-1,1),-1)) -> -1 | AG26: =IF(OR(I26="CAT 1",I26="CAT 2",I26="CAT 3",I26="CAT 4"),1,0) -> 0 | AH26: =PRODUCT(AF26:AG26)*AE26 -> 0
A27: 26 | J27: =IFERROR(IF(G27="","",ROUNDDOWN(IF($G27="","",(inception_date-$G27)/365.25),0)),0) | K27: =IF(I27="","",IF($AM$3=1,IFERROR(IF(J27=FALSE,"",VLOOKUP(J27,$AJ$1:$AK$18,2,1)),""),IFERROR(IF(J27 = "FALSE","",VLOOKUP(J27,#REF!,2,TRUE)),""))) | O27: =IF(C27="","",IF(R27=1,"Yes","No")) | P27: =IFERROR(IF(C27="","",IF(AND(Census!C27="E",Census!J27>=18,Census!J27<=65),"Yes","No")),"ERROR") | Q27: =IFERROR(IF(C27="","",IF(AND(Census!C27="E",Census!J27>=18,Census!J27<=64),"Yes","No")),"ERROR") | R27: =IF(OR(AB27<>1,AC27<>1,AD27<>1,AF27<>1,AE27<>1,AG27<>1),-1,1) -> -1 | S27: =AB27 -> 0 | T27: =AC27 -> 0 | U27: =AD27 -> 0 | V27: =AE27 -> 0 | W27: =AF27 -> -1 | X27: =AG27 -> 0 | AB27: =IFERROR(IF(OR(B27=0,B27=""),0,1),0) -> 0 | AC27: =IFERROR(IF(OR(C27="S",C27="D"),IF(AND(C27="D",D27="F"),1,IF(AND(C27="S",D27="M"),1,0)),IF(OR(C27="W",C27="H"),IF(OR(AND(C27="W",D27="F"),AND(C27="H",D27="M")),1,),IF(OR(D27="M",D27="F"),1,0))),0) -> 0 | AD27: =IFERROR(IF(OR(C27="E",C27="W",C27="H"),1,IF(C27 = "S",IF(D27="M",1,0),IF(D27 = "F",1,0))),0) -> 0 | AE27: =IFERROR(IF(OR(E27="M",E27="S"),IF(E27="M",IF(OR(C27="S",C27 = "D"),0,1),IF(OR(C27="W",C27="H"),0,1)),0),0) -> 0 | AF27: =IF(G27="",-1,IF(AND(G27<=TODAY(),ISNUMBER(DATE(YEAR(G27),MONTH(G27),DAY(G27)))),IF(AND(OR(C27="S",C27="D"),J27>24),-1,1),-1)) -> -1 | AG27: =IF(OR(I27="CAT 1",I27="CAT 2",I27="CAT 3",I27="CAT 4"),1,0) -> 0 | AH27: =PRODUCT(AF27:AG27)*AE27 -> 0
A28: 27 | J28: =IFERROR(IF(G28="","",ROUNDDOWN(IF($G28="","",(inception_date-$G28)/365.25),0)),0) | K28: =IF(I28="","",IF($AM$3=1,IFERROR(IF(J28=FALSE,"",VLOOKUP(J28,$AJ$1:$AK$18,2,1)),""),IFERROR(IF(J28 = "FALSE","",VLOOKUP(J28,#REF!,2,TRUE)),""))) | O28: =IF(C28="","",IF(R28=1,"Yes","No")) | P28: =IFERROR(IF(C28="","",IF(AND(Census!C28="E",Census!J28>=18,Census!J28<=65),"Yes","No")),"ERROR") | Q28: =IFERROR(IF(C28="","",IF(AND(Census!C28="E",Census!J28>=18,Census!J28<=64),"Yes","No")),"ERROR") | R28: =IF(OR(AB28<>1,AC28<>1,AD28<>1,AF28<>1,AE28<>1,AG28<>1),-1,1) -> -1 | S28: =AB28 -> 0 | T28: =AC28 -> 0 | U28: =AD28 -> 0 | V28: =AE28 -> 0 | W28: =AF28 -> -1 | X28: =AG28 -> 0 | AB28: =IFERROR(IF(OR(B28=0,B28=""),0,1),0) -> 0 | AC28: =IFERROR(IF(OR(C28="S",C28="D"),IF(AND(C28="D",D28="F"),1,IF(AND(C28="S",D28="M"),1,0)),IF(OR(C28="W",C28="H"),IF(OR(AND(C28="W",D28="F"),AND(C28="H",D28="M")),1,),IF(OR(D28="M",D28="F"),1,0))),0) -> 0 | AD28: =IFERROR(IF(OR(C28="E",C28="W",C28="H"),1,IF(C28 = "S",IF(D28="M",1,0),IF(D28 = "F",1,0))),0) -> 0 | AE28: =IFERROR(IF(OR(E28="M",E28="S"),IF(E28="M",IF(OR(C28="S",C28 = "D"),0,1),IF(OR(C28="W",C28="H"),0,1)),0),0) -> 0 | AF28: =IF(G28="",-1,IF(AND(G28<=TODAY(),ISNUMBER(DATE(YEAR(G28),MONTH(G28),DAY(G28)))),IF(AND(OR(C28="S",C28="D"),J28>24),-1,1),-1)) -> -1 | AG28: =IF(OR(I28="CAT 1",I28="CAT 2",I28="CAT 3",I28="CAT 4"),1,0) -> 0 | AH28: =PRODUCT(AF28:AG28)*AE28 -> 0
A29: 28 | J29: =IFERROR(IF(G29="","",ROUNDDOWN(IF($G29="","",(inception_date-$G29)/365.25),0)),0) | K29: =IF(I29="","",IF($AM$3=1,IFERROR(IF(J29=FALSE,"",VLOOKUP(J29,$AJ$1:$AK$18,2,1)),""),IFERROR(IF(J29 = "FALSE","",VLOOKUP(J29,#REF!,2,TRUE)),""))) | O29: =IF(C29="","",IF(R29=1,"Yes","No")) | P29: =IFERROR(IF(C29="","",IF(AND(Census!C29="E",Census!J29>=18,Census!J29<=65),"Yes","No")),"ERROR") | Q29: =IFERROR(IF(C29="","",IF(AND(Census!C29="E",Census!J29>=18,Census!J29<=64),"Yes","No")),"ERROR") | R29: =IF(OR(AB29<>1,AC29<>1,AD29<>1,AF29<>1,AE29<>1,AG29<>1),-1,1) -> -1 | S29: =AB29 -> 0 | T29: =AC29 -> 0 | U29: =AD29 -> 0 | V29: =AE29 -> 0 | W29: =AF29 -> -1 | X29: =AG29 -> 0 | AB29: =IFERROR(IF(OR(B29=0,B29=""),0,1),0) -> 0 | AC29: =IFERROR(IF(OR(C29="S",C29="D"),IF(AND(C29="D",D29="F"),1,IF(AND(C29="S",D29="M"),1,0)),IF(OR(C29="W",C29="H"),IF(OR(AND(C29="W",D29="F"),AND(C29="H",D29="M")),1,),IF(OR(D29="M",D29="F"),1,0))),0) -> 0 | AD29: =IFERROR(IF(OR(C29="E",C29="W",C29="H"),1,IF(C29 = "S",IF(D29="M",1,0),IF(D29 = "F",1,0))),0) -> 0 | AE29: =IFERROR(IF(OR(E29="M",E29="S"),IF(E29="M",IF(OR(C29="S",C29 = "D"),0,1),IF(OR(C29="W",C29="H"),0,1)),0),0) -> 0 | AF29: =IF(G29="",-1,IF(AND(G29<=TODAY(),ISNUMBER(DATE(YEAR(G29),MONTH(G29),DAY(G29)))),IF(AND(OR(C29="S",C29="D"),J29>24),-1,1),-1)) -> -1 | AG29: =IF(OR(I29="CAT 1",I29="CAT 2",I29="CAT 3",I29="CAT 4"),1,0) -> 0 | AH29: =PRODUCT(AF29:AG29)*AE29 -> 0
A30: 29 | J30: =IFERROR(IF(G30="","",ROUNDDOWN(IF($G30="","",(inception_date-$G30)/365.25),0)),0) | K30: =IF(I30="","",IF($AM$3=1,IFERROR(IF(J30=FALSE,"",VLOOKUP(J30,$AJ$1:$AK$18,2,1)),""),IFERROR(IF(J30 = "FALSE","",VLOOKUP(J30,#REF!,2,TRUE)),""))) | O30: =IF(C30="","",IF(R30=1,"Yes","No")) | P30: =IFERROR(IF(C30="","",IF(AND(Census!C30="E",Census!J30>=18,Census!J30<=65),"Yes","No")),"ERROR") | Q30: =IFERROR(IF(C30="","",IF(AND(Census!C30="E",Census!J30>=18,Census!J30<=64),"Yes","No")),"ERROR") | R30: =IF(OR(AB30<>1,AC30<>1,AD30<>1,AF30<>1,AE30<>1,AG30<>1),-1,1) -> -1 | S30: =AB30 -> 0 | T30: =AC30 -> 0 | U30: =AD30 -> 0 | V30: =AE30 -> 0 | W30: =AF30 -> -1 | X30: =AG30 -> 0 | AB30: =IFERROR(IF(OR(B30=0,B30=""),0,1),0) -> 0 | AC30: =IFERROR(IF(OR(C30="S",C30="D"),IF(AND(C30="D",D30="F"),1,IF(AND(C30="S",D30="M"),1,0)),IF(OR(C30="W",C30="H"),IF(OR(AND(C30="W",D30="F"),AND(C30="H",D30="M")),1,),IF(OR(D30="M",D30="F"),1,0))),0) -> 0 | AD30: =IFERROR(IF(OR(C30="E",C30="W",C30="H"),1,IF(C30 = "S",IF(D30="M",1,0),IF(D30 = "F",1,0))),0) -> 0 | AE30: =IFERROR(IF(OR(E30="M",E30="S"),IF(E30="M",IF(OR(C30="S",C30 = "D"),0,1),IF(OR(C30="W",C30="H"),0,1)),0),0) -> 0 | AF30: =IF(G30="",-1,IF(AND(G30<=TODAY(),ISNUMBER(DATE(YEAR(G30),MONTH(G30),DAY(G30)))),IF(AND(OR(C30="S",C30="D"),J30>24),-1,1),-1)) -> -1 | AG30: =IF(OR(I30="CAT 1",I30="CAT 2",I30="CAT 3",I30="CAT 4"),1,0) -> 0 | AH30: =PRODUCT(AF30:AG30)*AE30 -> 0
A31: 30 | J31: =IFERROR(IF(G31="","",ROUNDDOWN(IF($G31="","",(inception_date-$G31)/365.25),0)),0) | K31: =IF(I31="","",IF($AM$3=1,IFERROR(IF(J31=FALSE,"",VLOOKUP(J31,$AJ$1:$AK$18,2,1)),""),IFERROR(IF(J31 = "FALSE","",VLOOKUP(J31,#REF!,2,TRUE)),""))) | O31: =IF(C31="","",IF(R31=1,"Yes","No")) | P31: =IFERROR(IF(C31="","",IF(AND(Census!C31="E",Census!J31>=18,Census!J31<=65),"Yes","No")),"ERROR") | Q31: =IFERROR(IF(C31="","",IF(AND(Census!C31="E",Census!J31>=18,Census!J31<=64),"Yes","No")),"ERROR") | R31: =IF(OR(AB31<>1,AC31<>1,AD31<>1,AF31<>1,AE31<>1,AG31<>1),-1,1) -> -1 | S31: =AB31 -> 0 | T31: =AC31 -> 0 | U31: =AD31 -> 0 | V31: =AE31 -> 0 | W31: =AF31 -> -1 | X31: =AG31 -> 0 | Z31: Afghan | AB31: =IFERROR(IF(OR(B31=0,B31=""),0,1),0) -> 0 | AC31: =IFERROR(IF(OR(C31="S",C31="D"),IF(AND(C31="D",D31="F"),1,IF(AND(C31="S",D31="M"),1,0)),IF(OR(C31="W",C31="H"),IF(OR(AND(C31="W",D31="F"),AND(C31="H",D31="M")),1,),IF(OR(D31="M",D31="F"),1,0))),0) -> 0 | AD31: =IFERROR(IF(OR(C31="E",C31="W",C31="H"),1,IF(C31 = "S",IF(D31="M",1,0),IF(D31 = "F",1,0))),0) -> 0 | AE31: =IFERROR(IF(OR(E31="M",E31="S"),IF(E31="M",IF(OR(C31="S",C31 = "D"),0,1),IF(OR(C31="W",C31="H"),0,1)),0),0) -> 0 | AF31: =IF(G31="",-1,IF(AND(G31<=TODAY(),ISNUMBER(DATE(YEAR(G31),MONTH(G31),DAY(G31)))),IF(AND(OR(C31="S",C31="D"),J31>24),-1,1),-1)) -> -1 | AG31: =IF(OR(I31="CAT 1",I31="CAT 2",I31="CAT 3",I31="CAT 4"),1,0) -> 0 | AH31: =PRODUCT(AF31:AG31)*AE31 -> 0
A32: 31 | J32: =IFERROR(IF(G32="","",ROUNDDOWN(IF($G32="","",(inception_date-$G32)/365.25),0)),0) | K32: =IF(I32="","",IF($AM$3=1,IFERROR(IF(J32=FALSE,"",VLOOKUP(J32,$AJ$1:$AK$18,2,1)),""),IFERROR(IF(J32 = "FALSE","",VLOOKUP(J32,#REF!,2,TRUE)),""))) | O32: =IF(C32="","",IF(R32=1,"Yes","No")) | P32: =IFERROR(IF(C32="","",IF(AND(Census!C32="E",Census!J32>=18,Census!J32<=65),"Yes","No")),"ERROR") | Q32: =IFERROR(IF(C32="","",IF(AND(Census!C32="E",Census!J32>=18,Census!J32<=64),"Yes","No")),"ERROR") | R32: =IF(OR(AB32<>1,AC32<>1,AD32<>1,AF32<>1,AE32<>1,AG32<>1),-1,1) -> -1 | S32: =AB32 -> 0 | T32: =AC32 -> 0 | U32: =AD32 -> 0 | V32: =AE32 -> 0 | W32: =AF32 -> -1 | X32: =AG32 -> 0 | Z32: African Countries | AB32: =IFERROR(IF(OR(B32=0,B32=""),0,1),0) -> 0 | AC32: =IFERROR(IF(OR(C32="S",C32="D"),IF(AND(C32="D",D32="F"),1,IF(AND(C32="S",D32="M"),1,0)),IF(OR(C32="W",C32="H"),IF(OR(AND(C32="W",D32="F"),AND(C32="H",D32="M")),1,),IF(OR(D32="M",D32="F"),1,0))),0) -> 0 | AD32: =IFERROR(IF(OR(C32="E",C32="W",C32="H"),1,IF(C32 = "S",IF(D32="M",1,0),IF(D32 = "F",1,0))),0) -> 0 | AE32: =IFERROR(IF(OR(E32="M",E32="S"),IF(E32="M",IF(OR(C32="S",C32 = "D"),0,1),IF(OR(C32="W",C32="H"),0,1)),0),0) -> 0 | AF32: =IF(G32="",-1,IF(AND(G32<=TODAY(),ISNUMBER(DATE(YEAR(G32),MONTH(G32),DAY(G32)))),IF(AND(OR(C32="S",C32="D"),J32>24),-1,1),-1)) -> -1 | AG32: =IF(OR(I32="CAT 1",I32="CAT 2",I32="CAT 3",I32="CAT 4"),1,0) -> 0 | AH32: =PRODUCT(AF32:AG32)*AE32 -> 0
A33: 32 | J33: =IFERROR(IF(G33="","",ROUNDDOWN(IF($G33="","",(inception_date-$G33)/365.25),0)),0) | K33: =IF(I33="","",IF($AM$3=1,IFERROR(IF(J33=FALSE,"",VLOOKUP(J33,$AJ$1:$AK$18,2,1)),""),IFERROR(IF(J33 = "FALSE","",VLOOKUP(J33,#REF!,2,TRUE)),""))) | O33: =IF(C33="","",IF(R33=1,"Yes","No")) | P33: =IFERROR(IF(C33="","",IF(AND(Census!C33="E",Census!J33>=18,Census!J33<=65),"Yes","No")),"ERROR") | Q33: =IFERROR(IF(C33="","",IF(AND(Census!C33="E",Census!J33>=18,Census!J33<=64),"Yes","No")),"ERROR") | R33: =IF(OR(AB33<>1,AC33<>1,AD33<>1,AF33<>1,AE33<>1,AG33<>1),-1,1) -> -1 | S33: =AB33 -> 0 | T33: =AC33 -> 0 | U33: =AD33 -> 0 | V33: =AE33 -> 0 | W33: =AF33 -> -1 | X33: =AG33 -> 0 | Z33: Albanian | AB33: =IFERROR(IF(OR(B33=0,B33=""),0,1),0) -> 0 | AC33: =IFERROR(IF(OR(C33="S",C33="D"),IF(AND(C33="D",D33="F"),1,IF(AND(C33="S",D33="M"),1,0)),IF(OR(C33="W",C33="H"),IF(OR(AND(C33="W",D33="F"),AND(C33="H",D33="M")),1,),IF(OR(D33="M",D33="F"),1,0))),0) -> 0 | AD33: =IFERROR(IF(OR(C33="E",C33="W",C33="H"),1,IF(C33 = "S",IF(D33="M",1,0),IF(D33 = "F",1,0))),0) -> 0 | AE33: =IFERROR(IF(OR(E33="M",E33="S"),IF(E33="M",IF(OR(C33="S",C33 = "D"),0,1),IF(OR(C33="W",C33="H"),0,1)),0),0) -> 0 | AF33: =IF(G33="",-1,IF(AND(G33<=TODAY(),ISNUMBER(DATE(YEAR(G33),MONTH(G33),DAY(G33)))),IF(AND(OR(C33="S",C33="D"),J33>24),-1,1),-1)) -> -1 | AG33: =IF(OR(I33="CAT 1",I33="CAT 2",I33="CAT 3",I33="CAT 4"),1,0) -> 0 | AH33: =PRODUCT(AF33:AG33)*AE33 -> 0
A34: 33 | J34: =IFERROR(IF(G34="","",ROUNDDOWN(IF($G34="","",(inception_date-$G34)/365.25),0)),0) | K34: =IF(I34="","",IF($AM$3=1,IFERROR(IF(J34=FALSE,"",VLOOKUP(J34,$AJ$1:$AK$18,2,1)),""),IFERROR(IF(J34 = "FALSE","",VLOOKUP(J34,#REF!,2,TRUE)),""))) | O34: =IF(C34="","",IF(R34=1,"Yes","No")) | P34: =IFERROR(IF(C34="","",IF(AND(Census!C34="E",Census!J34>=18,Census!J34<=65),"Yes","No")),"ERROR") | Q34: =IFERROR(IF(C34="","",IF(AND(Census!C34="E",Census!J34>=18,Census!J34<=64),"Yes","No")),"ERROR") | R34: =IF(OR(AB34<>1,AC34<>1,AD34<>1,AF34<>1,AE34<>1,AG34<>1),-1,1) -> -1 | S34: =AB34 -> 0 | T34: =AC34 -> 0 | U34: =AD34 -> 0 | V34: =AE34 -> 0 | W34: =AF34 -> -1 | X34: =AG34 -> 0 | Z34: Algerian | AB34: =IFERROR(IF(OR(B34=0,B34=""),0,1),0) -> 0 | AC34: =IFERROR(IF(OR(C34="S",C34="D"),IF(AND(C34="D",D34="F"),1,IF(AND(C34="S",D34="M"),1,0)),IF(OR(C34="W",C34="H"),IF(OR(AND(C34="W",D34="F"),AND(C34="H",D34="M")),1,),IF(OR(D34="M",D34="F"),1,0))),0) -> 0 | AD34: =IFERROR(IF(OR(C34="E",C34="W",C34="H"),1,IF(C34 = "S",IF(D34="M",1,0),IF(D34 = "F",1,0))),0) -> 0 | AE34: =IFERROR(IF(OR(E34="M",E34="S"),IF(E34="M",IF(OR(C34="S",C34 = "D"),0,1),IF(OR(C34="W",C34="H"),0,1)),0),0) -> 0 | AF34: =IF(G34="",-1,IF(AND(G34<=TODAY(),ISNUMBER(DATE(YEAR(G34),MONTH(G34),DAY(G34)))),IF(AND(OR(C34="S",C34="D"),J34>24),-1,1),-1)) -> -1 | AG34: =IF(OR(I34="CAT 1",I34="CAT 2",I34="CAT 3",I34="CAT 4"),1,0) -> 0 | AH34: =PRODUCT(AF34:AG34)*AE34 -> 0
A35: 34 | J35: =IFERROR(IF(G35="","",ROUNDDOWN(IF($G35="","",(inception_date-$G35)/365.25),0)),0) | K35: =IF(I35="","",IF($AM$3=1,IFERROR(IF(J35=FALSE,"",VLOOKUP(J35,$AJ$1:$AK$18,2,1)),""),IFERROR(IF(J35 = "FALSE","",VLOOKUP(J35,#REF!,2,TRUE)),""))) | O35: =IF(C35="","",IF(R35=1,"Yes","No")) | P35: =IFERROR(IF(C35="","",IF(AND(Census!C35="E",Census!J35>=18,Census!J35<=65),"Yes","No")),"ERROR") | Q35: =IFERROR(IF(C35="","",IF(AND(Census!C35="E",Census!J35>=18,Census!J35<=64),"Yes","No")),"ERROR") | R35: =IF(OR(AB35<>1,AC35<>1,AD35<>1,AF35<>1,AE35<>1,AG35<>1),-1,1) -> -1 | S35: =AB35 -> 0 | T35: =AC35 -> 0 | U35: =AD35 -> 0 | V35: =AE35 -> 0 | W35: =AF35 -> -1 | X35: =AG35 -> 0 | Z35: American | AB35: =IFERROR(IF(OR(B35=0,B35=""),0,1),0) -> 0 | AC35: =IFERROR(IF(OR(C35="S",C35="D"),IF(AND(C35="D",D35="F"),1,IF(AND(C35="S",D35="M"),1,0)),IF(OR(C35="W",C35="H"),IF(OR(AND(C35="W",D35="F"),AND(C35="H",D35="M")),1,),IF(OR(D35="M",D35="F"),1,0))),0) -> 0 | AD35: =IFERROR(IF(OR(C35="E",C35="W",C35="H"),1,IF(C35 = "S",IF(D35="M",1,0),IF(D35 = "F",1,0))),0) -> 0 | AE35: =IFERROR(IF(OR(E35="M",E35="S"),IF(E35="M",IF(OR(C35="S",C35 = "D"),0,1),IF(OR(C35="W",C35="H"),0,1)),0),0) -> 0 | AF35: =IF(G35="",-1,IF(AND(G35<=TODAY(),ISNUMBER(DATE(YEAR(G35),MONTH(G35),DAY(G35)))),IF(AND(OR(C35="S",C35="D"),J35>24),-1,1),-1)) -> -1 | AG35: =IF(OR(I35="CAT 1",I35="CAT 2",I35="CAT 3",I35="CAT 4"),1,0) -> 0 | AH35: =PRODUCT(AF35:AG35)*AE35 -> 0
A36: 35 | J36: =IFERROR(IF(G36="","",ROUNDDOWN(IF($G36="","",(inception_date-$G36)/365.25),0)),0) | K36: =IF(I36="","",IF($AM$3=1,IFERROR(IF(J36=FALSE,"",VLOOKUP(J36,$AJ$1:$AK$18,2,1)),""),IFERROR(IF(J36 = "FALSE","",VLOOKUP(J36,#REF!,2,TRUE)),""))) | O36: =IF(C36="","",IF(R36=1,"Yes","No")) | P36: =IFERROR(IF(C36="","",IF(AND(Census!C36="E",Census!J36>=18,Census!J36<=65),"Yes","No")),"ERROR") | Q36: =IFERROR(IF(C36="","",IF(AND(Census!C36="E",Census!J36>=18,Census!J36<=64),"Yes","No")),"ERROR") | R36: =IF(OR(AB36<>1,AC36<>1,AD36<>1,AF36<>1,AE36<>1,AG36<>1),-1,1) -> -1 | S36: =AB36 -> 0 | T36: =AC36 -> 0 | U36: =AD36 -> 0 | V36: =AE36 -> 0 | W36: =AF36 -> -1 | X36: =AG36 -> 0 | Z36: American Samoan | AB36: =IFERROR(IF(OR(B36=0,B36=""),0,1),0) -> 0 | AC36: =IFERROR(IF(OR(C36="S",C36="D"),IF(AND(C36="D",D36="F"),1,IF(AND(C36="S",D36="M"),1,0)),IF(OR(C36="W",C36="H"),IF(OR(AND(C36="W",D36="F"),AND(C36="H",D36="M")),1,),IF(OR(D36="M",D36="F"),1,0))),0) -> 0 | AD36: =IFERROR(IF(OR(C36="E",C36="W",C36="H"),1,IF(C36 = "S",IF(D36="M",1,0),IF(D36 = "F",1,0))),0) -> 0 | AE36: =IFERROR(IF(OR(E36="M",E36="S"),IF(E36="M",IF(OR(C36="S",C36 = "D"),0,1),IF(OR(C36="W",C36="H"),0,1)),0),0) -> 0 | AF36: =IF(G36="",-1,IF(AND(G36<=TODAY(),ISNUMBER(DATE(YEAR(G36),MONTH(G36),DAY(G36)))),IF(AND(OR(C36="S",C36="D"),J36>24),-1,1),-1)) -> -1 | AG36: =IF(OR(I36="CAT 1",I36="CAT 2",I36="CAT 3",I36="CAT 4"),1,0) -> 0 | AH36: =PRODUCT(AF36:AG36)*AE36 -> 0
A37: 36 | J37: =IFERROR(IF(G37="","",ROUNDDOWN(IF($G37="","",(inception_date-$G37)/365.25),0)),0) | K37: =IF(I37="","",IF($AM$3=1,IFERROR(IF(J37=FALSE,"",VLOOKUP(J37,$AJ$1:$AK$18,2,1)),""),IFERROR(IF(J37 = "FALSE","",VLOOKUP(J37,#REF!,2,TRUE)),""))) | O37: =IF(C37="","",IF(R37=1,"Yes","No")) | P37: =IFERROR(IF(C37="","",IF(AND(Census!C37="E",Census!J37>=18,Census!J37<=65),"Yes","No")),"ERROR") | Q37: =IFERROR(IF(C37="","",IF(AND(Census!C37="E",Census!J37>=18,Census!J37<=64),"Yes","No")),"ERROR") | R37: =IF(OR(AB37<>1,AC37<>1,AD37<>1,AF37<>1,AE37<>1,AG37<>1),-1,1) -> -1 | S37: =AB37 -> 0 | T37: =AC37 -> 0 | U37: =AD37 -> 0 | V37: =AE37 -> 0 | W37: =AF37 -> -1 | X37: =AG37 -> 0 | Z37: Andorra | AB37: =IFERROR(IF(OR(B37=0,B37=""),0,1),0) -> 0 | AC37: =IFERROR(IF(OR(C37="S",C37="D"),IF(AND(C37="D",D37="F"),1,IF(AND(C37="S",D37="M"),1,0)),IF(OR(C37="W",C37="H"),IF(OR(AND(C37="W",D37="F"),AND(C37="H",D37="M")),1,),IF(OR(D37="M",D37="F"),1,0))),0) -> 0 | AD37: =IFERROR(IF(OR(C37="E",C37="W",C37="H"),1,IF(C37 = "S",IF(D37="M",1,0),IF(D37 = "F",1,0))),0) -> 0 | AE37: =IFERROR(IF(OR(E37="M",E37="S"),IF(E37="M",IF(OR(C37="S",C37 = "D"),0,1),IF(OR(C37="W",C37="H"),0,1)),0),0) -> 0 | AF37: =IF(G37="",-1,IF(AND(G37<=TODAY(),ISNUMBER(DATE(YEAR(G37),MONTH(G37),DAY(G37)))),IF(AND(OR(C37="S",C37="D"),J37>24),-1,1),-1)) -> -1 | AG37: =IF(OR(I37="CAT 1",I37="CAT 2",I37="CAT 3",I37="CAT 4"),1,0) -> 0 | AH37: =PRODUCT(AF37:AG37)*AE37 -> 0
A38: 37 | J38: =IFERROR(IF(G38="","",ROUNDDOWN(IF($G38="","",(inception_date-$G38)/365.25),0)),0) | K38: =IF(I38="","",IF($AM$3=1,IFERROR(IF(J38=FALSE,"",VLOOKUP(J38,$AJ$1:$AK$18,2,1)),""),IFERROR(IF(J38 = "FALSE","",VLOOKUP(J38,#REF!,2,TRUE)),""))) | O38: =IF(C38="","",IF(R38=1,"Yes","No")) | P38: =IFERROR(IF(C38="","",IF(AND(Census!C38="E",Census!J38>=18,Census!J38<=65),"Yes","No")),"ERROR") | Q38: =IFERROR(IF(C38="","",IF(AND(Census!C38="E",Census!J38>=18,Census!J38<=64),"Yes","No")),"ERROR") | R38: =IF(OR(AB38<>1,AC38<>1,AD38<>1,AF38<>1,AE38<>1,AG38<>1),-1,1) -> -1 | S38: =AB38 -> 0 | T38: =AC38 -> 0 | U38: =AD38 -> 0 | V38: =AE38 -> 0 | W38: =AF38 -> -1 | X38: =AG38 -> 0 | Z38: Angolan | AB38: =IFERROR(IF(OR(B38=0,B38=""),0,1),0) -> 0 | AC38: =IFERROR(IF(OR(C38="S",C38="D"),IF(AND(C38="D",D38="F"),1,IF(AND(C38="S",D38="M"),1,0)),IF(OR(C38="W",C38="H"),IF(OR(AND(C38="W",D38="F"),AND(C38="H",D38="M")),1,),IF(OR(D38="M",D38="F"),1,0))),0) -> 0 | AD38: =IFERROR(IF(OR(C38="E",C38="W",C38="H"),1,IF(C38 = "S",IF(D38="M",1,0),IF(D38 = "F",1,0))),0) -> 0 | AE38: =IFERROR(IF(OR(E38="M",E38="S"),IF(E38="M",IF(OR(C38="S",C38 = "D"),0,1),IF(OR(C38="W",C38="H"),0,1)),0),0) -> 0 | AF38: =IF(G38="",-1,IF(AND(G38<=TODAY(),ISNUMBER(DATE(YEAR(G38),MONTH(G38),DAY(G38)))),IF(AND(OR(C38="S",C38="D"),J38>24),-1,1),-1)) -> -1 | AG38: =IF(OR(I38="CAT 1",I38="CAT 2",I38="CAT 3",I38="CAT 4"),1,0) -> 0 | AH38: =PRODUCT(AF38:AG38)*AE38 -> 0
A39: 38 | J39: =IFERROR(IF(G39="","",ROUNDDOWN(IF($G39="","",(inception_date-$G39)/365.25),0)),0) | K39: =IF(I39="","",IF($AM$3=1,IFERROR(IF(J39=FALSE,"",VLOOKUP(J39,$AJ$1:$AK$18,2,1)),""),IFERROR(IF(J39 = "FALSE","",VLOOKUP(J39,#REF!,2,TRUE)),""))) | O39: =IF(C39="","",IF(R39=1,"Yes","No")) | P39: =IFERROR(IF(C39="","",IF(AND(Census!C39="E",Census!J39>=18,Census!J39<=65),"Yes","No")),"ERROR") | Q39: =IFERROR(IF(C39="","",IF(AND(Census!C39="E",Census!J39>=18,Census!J39<=64),"Yes","No")),"ERROR") | R39: =IF(OR(AB39<>1,AC39<>1,AD39<>1,AF39<>1,AE39<>1,AG39<>1),-1,1) -> -1 | S39: =AB39 -> 0 | T39: =AC39 -> 0 | U39: =AD39 -> 0 | V39: =AE39 -> 0 | W39: =AF39 -> -1 | X39: =AG39 -> 0 | Z39: Anguillian | AB39: =IFERROR(IF(OR(B39=0,B39=""),0,1),0) -> 0 | AC39: =IFERROR(IF(OR(C39="S",C39="D"),IF(AND(C39="D",D39="F"),1,IF(AND(C39="S",D39="M"),1,0)),IF(OR(C39="W",C39="H"),IF(OR(AND(C39="W",D39="F"),AND(C39="H",D39="M")),1,),IF(OR(D39="M",D39="F"),1,0))),0) -> 0 | AD39: =IFERROR(IF(OR(C39="E",C39="W",C39="H"),1,IF(C39 = "S",IF(D39="M",1,0),IF(D39 = "F",1,0))),0) -> 0 | AE39: =IFERROR(IF(OR(E39="M",E39="S"),IF(E39="M",IF(OR(C39="S",C39 = "D"),0,1),IF(OR(C39="W",C39="H"),0,1)),0),0) -> 0 | AF39: =IF(G39="",-1,IF(AND(G39<=TODAY(),ISNUMBER(DATE(YEAR(G39),MONTH(G39),DAY(G39)))),IF(AND(OR(C39="S",C39="D"),J39>24),-1,1),-1)) -> -1 | AG39: =IF(OR(I39="CAT 1",I39="CAT 2",I39="CAT 3",I39="CAT 4"),1,0) -> 0 | AH39: =PRODUCT(AF39:AG39)*AE39 -> 0
A40: 39 | J40: =IFERROR(IF(G40="","",ROUNDDOWN(IF($G40="","",(inception_date-$G40)/365.25),0)),0) | K40: =IF(I40="","",IF($AM$3=1,IFERROR(IF(J40=FALSE,"",VLOOKUP(J40,$AJ$1:$AK$18,2,1)),""),IFERROR(IF(J40 = "FALSE","",VLOOKUP(J40,#REF!,2,TRUE)),""))) | O40: =IF(C40="","",IF(R40=1,"Yes","No")) | P40: =IFERROR(IF(C40="","",IF(AND(Census!C40="E",Census!J40>=18,Census!J40<=65),"Yes","No")),"ERROR") | Q40: =IFERROR(IF(C40="","",IF(AND(Census!C40="E",Census!J40>=18,Census!J40<=64),"Yes","No")),"ERROR") | R40: =IF(OR(AB40<>1,AC40<>1,AD40<>1,AF40<>1,AE40<>1,AG40<>1),-1,1) -> -1 | S40: =AB40 -> 0 | T40: =AC40 -> 0 | U40: =AD40 -> 0 | V40: =AE40 -> 0 | W40: =AF40 -> -1 | X40: =AG40 -> 0 | Z40: Antarctica | AB40: =IFERROR(IF(OR(B40=0,B40=""),0,1),0) -> 0 | AC40: =IFERROR(IF(OR(C40="S",C40="D"),IF(AND(C40="D",D40="F"),1,IF(AND(C40="S",D40="M"),1,0)),IF(OR(C40="W",C40="H"),IF(OR(AND(C40="W",D40="F"),AND(C40="H",D40="M")),1,),IF(OR(D40="M",D40="F"),1,0))),0) -> 0 | AD40: =IFERROR(IF(OR(C40="E",C40="W",C40="H"),1,IF(C40 = "S",IF(D40="M",1,0),IF(D40 = "F",1,0))),0) -> 0 | AE40: =IFERROR(IF(OR(E40="M",E40="S"),IF(E40="M",IF(OR(C40="S",C40 = "D"),0,1),IF(OR(C40="W",C40="H"),0,1)),0),0) -> 0 | AF40: =IF(G40="",-1,IF(AND(G40<=TODAY(),ISNUMBER(DATE(YEAR(G40),MONTH(G40),DAY(G40)))),IF(AND(OR(C40="S",C40="D"),J40>24),-1,1),-1)) -> -1 | AG40: =IF(OR(I40="CAT 1",I40="CAT 2",I40="CAT 3",I40="CAT 4"),1,0) -> 0 | AH40: =PRODUCT(AF40:AG40)*AE40 -> 0
A41: 40 | J41: =IFERROR(IF(G41="","",ROUNDDOWN(IF($G41="","",(inception_date-$G41)/365.25),0)),0) | K41: =IF(I41="","",IF($AM$3=1,IFERROR(IF(J41=FALSE,"",VLOOKUP(J41,$AJ$1:$AK$18,2,1)),""),IFERROR(IF(J41 = "FALSE","",VLOOKUP(J41,#REF!,2,TRUE)),""))) | O41: =IF(C41="","",IF(R41=1,"Yes","No")) | P41: =IFERROR(IF(C41="","",IF(AND(Census!C41="E",Census!J41>=18,Census!J41<=65),"Yes","No")),"ERROR") | Q41: =IFERROR(IF(C41="","",IF(AND(Census!C41="E",Census!J41>=18,Census!J41<=64),"Yes","No")),"ERROR") | R41: =IF(OR(AB41<>1,AC41<>1,AD41<>1,AF41<>1,AE41<>1,AG41<>1),-1,1) -> -1 | S41: =AB41 -> 0 | T41: =AC41 -> 0 | U41: =AD41 -> 0 | V41: =AE41 -> 0 | W41: =AF41 -> -1 | X41: =AG41 -> 0 | Z41: Antiguan | AB41: =IFERROR(IF(OR(B41=0,B41=""),0,1),0) -> 0 | AC41: =IFERROR(IF(OR(C41="S",C41="D"),IF(AND(C41="D",D41="F"),1,IF(AND(C41="S",D41="M"),1,0)),IF(OR(C41="W",C41="H"),IF(OR(AND(C41="W",D41="F"),AND(C41="H",D41="M")),1,),IF(OR(D41="M",D41="F"),1,0))),0) -> 0 | AD41: =IFERROR(IF(OR(C41="E",C41="W",C41="H"),1,IF(C41 = "S",IF(D41="M",1,0),IF(D41 = "F",1,0))),0) -> 0 | AE41: =IFERROR(IF(OR(E41="M",E41="S"),IF(E41="M",IF(OR(C41="S",C41 = "D"),0,1),IF(OR(C41="W",C41="H"),0,1)),0),0) -> 0 | AF41: =IF(G41="",-1,IF(AND(G41<=TODAY(),ISNUMBER(DATE(YEAR(G41),MONTH(G41),DAY(G41)))),IF(AND(OR(C41="S",C41="D"),J41>24),-1,1),-1)) -> -1 | AG41: =IF(OR(I41="CAT 1",I41="CAT 2",I41="CAT 3",I41="CAT 4"),1,0) -> 0 | AH41: =PRODUCT(AF41:AG41)*AE41 -> 0
A42: 41 | J42: =IFERROR(IF(G42="","",ROUNDDOWN(IF($G42="","",(inception_date-$G42)/365.25),0)),0) | K42: =IF(I42="","",IF($AM$3=1,IFERROR(IF(J42=FALSE,"",VLOOKUP(J42,$AJ$1:$AK$18,2,1)),""),IFERROR(IF(J42 = "FALSE","",VLOOKUP(J42,#REF!,2,TRUE)),""))) | O42: =IF(C42="","",IF(R42=1,"Yes","No")) | P42: =IFERROR(IF(C42="","",IF(AND(Census!C42="E",Census!J42>=18,Census!J42<=65),"Yes","No")),"ERROR") | Q42: =IFERROR(IF(C42="","",IF(AND(Census!C42="E",Census!J42>=18,Census!J42<=64),"Yes","No")),"ERROR") | R42: =IF(OR(AB42<>1,AC42<>1,AD42<>1,AF42<>1,AE42<>1,AG42<>1),-1,1) -> -1 | S42: =AB42 -> 0 | T42: =AC42 -> 0 | U42: =AD42 -> 0 | V42: =AE42 -> 0 | W42: =AF42 -> -1 | X42: =AG42 -> 0 | Z42: Argentine | AB42: =IFERROR(IF(OR(B42=0,B42=""),0,1),0) -> 0 | AC42: =IFERROR(IF(OR(C42="S",C42="D"),IF(AND(C42="D",D42="F"),1,IF(AND(C42="S",D42="M"),1,0)),IF(OR(C42="W",C42="H"),IF(OR(AND(C42="W",D42="F"),AND(C42="H",D42="M")),1,),IF(OR(D42="M",D42="F"),1,0))),0) -> 0 | AD42: =IFERROR(IF(OR(C42="E",C42="W",C42="H"),1,IF(C42 = "S",IF(D42="M",1,0),IF(D42 = "F",1,0))),0) -> 0 | AE42: =IFERROR(IF(OR(E42="M",E42="S"),IF(E42="M",IF(OR(C42="S",C42 = "D"),0,1),IF(OR(C42="W",C42="H"),0,1)),0),0) -> 0 | AF42: =IF(G42="",-1,IF(AND(G42<=TODAY(),ISNUMBER(DATE(YEAR(G42),MONTH(G42),DAY(G42)))),IF(AND(OR(C42="S",C42="D"),J42>24),-1,1),-1)) -> -1 | AG42: =IF(OR(I42="CAT 1",I42="CAT 2",I42="CAT 3",I42="CAT 4"),1,0) -> 0 | AH42: =PRODUCT(AF42:AG42)*AE42 -> 0
... A96: 95 | J96: =IFERROR(IF(G96="","",ROUNDDOWN(IF($G96="","",(inception_date-$G96)/365.25),0)),0) | K96: =IF(I96="","",IF($AM$3=1,IFERROR(IF(J96=FALSE,"",VLOOKUP(J96,$AJ$1:$AK$18,2,1)),""),IFERROR(IF(J96 = "FALSE","",VLOOKUP(J96,#REF!,2,TRUE)),""))) | O96: =IF(C96="","",IF(R96=1,"Yes","No")) | P96: =IFERROR(IF(C96="","",IF(AND(Census!C96="E",Census!J96>=18,Census!J96<=65),"Yes","No")),"ERROR") | Q96: =IFERROR(IF(C96="","",IF(AND(Census!C96="E",Census!J96>=18,Census!J96<=64),"Yes","No")),"ERROR") | R96: =IF(OR(AB96<>1,AC96<>1,AD96<>1,AF96<>1,AE96<>1,AG96<>1),-1,1) -> -1 | S96: =AB96 -> 0 | T96: =AC96 -> 0 | U96: =AD96 -> 0 | V96: =AE96 -> 0 | W96: =AF96 -> -1 | X96: =AG96 -> 0 | Z96: Emirati | AB96: =IFERROR(IF(OR(B96=0,B96=""),0,1),0) -> 0 | AC96: =IFERROR(IF(OR(C96="S",C96="D"),IF(AND(C96="D",D96="F"),1,IF(AND(C96="S",D96="M"),1,0)),IF(OR(C96="W",C96="H"),IF(OR(AND(C96="W",D96="F"),AND(C96="H",D96="M")),1,),IF(OR(D96="M",D96="F"),1,0))),0) -> 0 | AD96: =IFERROR(IF(OR(C96="E",C96="W",C96="H"),1,IF(C96 = "S",IF(D96="M",1,0),IF(D96 = "F",1,0))),0) -> 0 | AE96: =IFERROR(IF(OR(E96="M",E96="S"),IF(E96="M",IF(OR(C96="S",C96 = "D"),0,1),IF(OR(C96="W",C96="H"),0,1)),0),0) -> 0 | AF96: =IF(G96="",-1,IF(AND(G96<=TODAY(),ISNUMBER(DATE(YEAR(G96),MONTH(G96),DAY(G96)))),IF(AND(OR(C96="S",C96="D"),J96>24),-1,1),-1)) -> -1 | AG96: =IF(OR(I96="CAT 1",I96="CAT 2",I96="CAT 3",I96="CAT 4"),1,0) -> 0 | AH96: =PRODUCT(AF96:AG96)*AE96 -> 0
J97: =IFERROR(IF(G97="","",ROUNDDOWN(IF($G97="","",(inception_date-$G97)/365.25),0)),0) | K97: =IF(I97="","",IF($AM$3=1,IFERROR(IF(J97=FALSE,"",VLOOKUP(J97,$AJ$1:$AK$18,2,1)),""),IFERROR(IF(J97 = "FALSE","",VLOOKUP(J97,#REF!,2,TRUE)),""))) | O97: =IF(C97="","",IF(R97=1,"Yes","No")) | P97: =IFERROR(IF(C97="","",IF(AND(Census!C97="E",Census!J97>=18,Census!J97<=65),"Yes","No")),"ERROR") | Q97: =IFERROR(IF(C97="","",IF(AND(Census!C97="E",Census!J97>=18,Census!J97<=64),"Yes","No")),"ERROR") | R97: =IF(OR(AB97<>1,AC97<>1,AD97<>1,AF97<>1,AE97<>1,AG97<>1),-1,1) -> -1 | S97: =AB97 -> 0 | T97: =AC97 -> 0 | U97: =AD97 -> 0 | V97: =AE97 -> 0 | W97: =AF97 -> -1 | X97: =AG97 -> 0 | Z97: English | AB97: =IFERROR(IF(OR(B97=0,B97=""),0,1),0) -> 0 | AC97: =IFERROR(IF(OR(C97="S",C97="D"),IF(AND(C97="D",D97="F"),1,IF(AND(C97="S",D97="M"),1,0)),IF(OR(C97="W",C97="H"),IF(OR(AND(C97="W",D97="F"),AND(C97="H",D97="M")),1,),IF(OR(D97="M",D97="F"),1,0))),0) -> 0 | AD97: =IFERROR(IF(OR(C97="E",C97="W",C97="H"),1,IF(C97 = "S",IF(D97="M",1,0),IF(D97 = "F",1,0))),0) -> 0 | AE97: =IFERROR(IF(OR(E97="M",E97="S"),IF(E97="M",IF(OR(C97="S",C97 = "D"),0,1),IF(OR(C97="W",C97="H"),0,1)),0),0) -> 0 | AF97: =IF(G97="",-1,IF(AND(G97<=TODAY(),ISNUMBER(DATE(YEAR(G97),MONTH(G97),DAY(G97)))),IF(AND(OR(C97="S",C97="D"),J97>24),-1,1),-1)) -> -1 | AG97: =IF(OR(I97="CAT 1",I97="CAT 2",I97="CAT 3",I97="CAT 4"),1,0) -> 0 | AH97: =PRODUCT(AF97:AG97)*AE97 -> 0
A98: 97 | J98: =IFERROR(IF(G98="","",ROUNDDOWN(IF($G98="","",(inception_date-$G98)/365.25),0)),0) | K98: =IF(I98="","",IF($AM$3=1,IFERROR(IF(J98=FALSE,"",VLOOKUP(J98,$AJ$1:$AK$18,2,1)),""),IFERROR(IF(J98 = "FALSE","",VLOOKUP(J98,#REF!,2,TRUE)),""))) | O98: =IF(C98="","",IF(R98=1,"Yes","No")) | P98: =IFERROR(IF(C98="","",IF(AND(Census!C98="E",Census!J98>=18,Census!J98<=65),"Yes","No")),"ERROR") | Q98: =IFERROR(IF(C98="","",IF(AND(Census!C98="E",Census!J98>=18,Census!J98<=64),"Yes","No")),"ERROR") | R98: =IF(OR(AB98<>1,AC98<>1,AD98<>1,AF98<>1,AE98<>1,AG98<>1),-1,1) -> -1 | S98: =AB98 -> 0 | T98: =AC98 -> 0 | U98: =AD98 -> 0 | V98: =AE98 -> 0 | W98: =AF98 -> -1 | X98: =AG98 -> 0 | Z98: Equatoguinean | AB98: =IFERROR(IF(OR(B98=0,B98=""),0,1),0) -> 0 | AC98: =IFERROR(IF(OR(C98="S",C98="D"),IF(AND(C98="D",D98="F"),1,IF(AND(C98="S",D98="M"),1,0)),IF(OR(C98="W",C98="H"),IF(OR(AND(C98="W",D98="F"),AND(C98="H",D98="M")),1,),IF(OR(D98="M",D98="F"),1,0))),0) -> 0 | AD98: =IFERROR(IF(OR(C98="E",C98="W",C98="H"),1,IF(C98 = "S",IF(D98="M",1,0),IF(D98 = "F",1,0))),0) -> 0 | AE98: =IFERROR(IF(OR(E98="M",E98="S"),IF(E98="M",IF(OR(C98="S",C98 = "D"),0,1),IF(OR(C98="W",C98="H"),0,1)),0),0) -> 0 | AF98: =IF(G98="",-1,IF(AND(G98<=TODAY(),ISNUMBER(DATE(YEAR(G98),MONTH(G98),DAY(G98)))),IF(AND(OR(C98="S",C98="D"),J98>24),-1,1),-1)) -> -1 | AG98: =IF(OR(I98="CAT 1",I98="CAT 2",I98="CAT 3",I98="CAT 4"),1,0) -> 0 | AH98: =PRODUCT(AF98:AG98)*AE98 -> 0
A99: 98 | J99: =IFERROR(IF(G99="","",ROUNDDOWN(IF($G99="","",(inception_date-$G99)/365.25),0)),0) | K99: =IF(I99="","",IF($AM$3=1,IFERROR(IF(J99=FALSE,"",VLOOKUP(J99,$AJ$1:$AK$18,2,1)),""),IFERROR(IF(J99 = "FALSE","",VLOOKUP(J99,#REF!,2,TRUE)),""))) | O99: =IF(C99="","",IF(R99=1,"Yes","No")) | P99: =IFERROR(IF(C99="","",IF(AND(Census!C99="E",Census!J99>=18,Census!J99<=65),"Yes","No")),"ERROR") | Q99: =IFERROR(IF(C99="","",IF(AND(Census!C99="E",Census!J99>=18,Census!J99<=64),"Yes","No")),"ERROR") | R99: =IF(OR(AB99<>1,AC99<>1,AD99<>1,AF99<>1,AE99<>1,AG99<>1),-1,1) -> -1 | S99: =AB99 -> 0 | T99: =AC99 -> 0 | U99: =AD99 -> 0 | V99: =AE99 -> 0 | W99: =AF99 -> -1 | X99: =AG99 -> 0 | Z99: Eritrean | AB99: =IFERROR(IF(OR(B99=0,B99=""),0,1),0) -> 0 | AC99: =IFERROR(IF(OR(C99="S",C99="D"),IF(AND(C99="D",D99="F"),1,IF(AND(C99="S",D99="M"),1,0)),IF(OR(C99="W",C99="H"),IF(OR(AND(C99="W",D99="F"),AND(C99="H",D99="M")),1,),IF(OR(D99="M",D99="F"),1,0))),0) -> 0 | AD99: =IFERROR(IF(OR(C99="E",C99="W",C99="H"),1,IF(C99 = "S",IF(D99="M",1,0),IF(D99 = "F",1,0))),0) -> 0 | AE99: =IFERROR(IF(OR(E99="M",E99="S"),IF(E99="M",IF(OR(C99="S",C99 = "D"),0,1),IF(OR(C99="W",C99="H"),0,1)),0),0) -> 0 | AF99: =IF(G99="",-1,IF(AND(G99<=TODAY(),ISNUMBER(DATE(YEAR(G99),MONTH(G99),DAY(G99)))),IF(AND(OR(C99="S",C99="D"),J99>24),-1,1),-1)) -> -1 | AG99: =IF(OR(I99="CAT 1",I99="CAT 2",I99="CAT 3",I99="CAT 4"),1,0) -> 0 | AH99: =PRODUCT(AF99:AG99)*AE99 -> 0
A100: 99 | J100: =IFERROR(IF(G100="","",ROUNDDOWN(IF($G100="","",(inception_date-$G100)/365.25),0)),0) | K100: =IF(I100="","",IF($AM$3=1,IFERROR(IF(J100=FALSE,"",VLOOKUP(J100,$AJ$1:$AK$18,2,1)),""),IFERROR(IF(J100 = "FALSE","",VLOOKUP(J100,#REF!,2,TRUE)),""))) | O100: =IF(C100="","",IF(R100=1,"Yes","No")) | P100: =IFERROR(IF(C100="","",IF(AND(Census!C100="E",Census!J100>=18,Census!J100<=65),"Yes","No")),"ERROR") | Q100: =IFERROR(IF(C100="","",IF(AND(Census!C100="E",Census!J100>=18,Census!J100<=64),"Yes","No")),"ERROR") | R100: =IF(OR(AB100<>1,AC100<>1,AD100<>1,AF100<>1,AE100<>1,AG100<>1),-1,1) -> -1 | S100: =AB100 -> 0 | T100: =AC100 -> 0 | U100: =AD100 -> 0 | V100: =AE100 -> 0 | W100: =AF100 -> -1 | X100: =AG100 -> 0 | Z100: Estonian | AB100: =IFERROR(IF(OR(B100=0,B100=""),0,1),0) -> 0 | AC100: =IFERROR(IF(OR(C100="S",C100="D"),IF(AND(C100="D",D100="F"),1,IF(AND(C100="S",D100="M"),1,0)),IF(OR(C100="W",C100="H"),IF(OR(AND(C100="W",D100="F"),AND(C100="H",D100="M")),1,),IF(OR(D100="M",D100="F"),1,0))),0) -> 0 | AD100: =IFERROR(IF(OR(C100="E",C100="W",C100="H"),1,IF(C100 = "S",IF(D100="M",1,0),IF(D100 = "F",1,0))),0) -> 0 | AE100: =IFERROR(IF(OR(E100="M",E100="S"),IF(E100="M",IF(OR(C100="S",C100 = "D"),0,1),IF(OR(C100="W",C100="H"),0,1)),0),0) -> 0 | AF100: =IF(G100="",-1,IF(AND(G100<=TODAY(),ISNUMBER(DATE(YEAR(G100),MONTH(G100),DAY(G100)))),IF(AND(OR(C100="S",C100="D"),J100>24),-1,1),-1)) -> -1 | AG100: =IF(OR(I100="CAT 1",I100="CAT 2",I100="CAT 3",I100="CAT 4"),1,0) -> 0 | AH100: =PRODUCT(AF100:AG100)*AE100 -> 0
A101: 100 | J101: =IFERROR(IF(G101="","",ROUNDDOWN(IF($G101="","",(inception_date-$G101)/365.25),0)),0) | K101: =IF(I101="","",IF($AM$3=1,IFERROR(IF(J101=FALSE,"",VLOOKUP(J101,$AJ$1:$AK$18,2,1)),""),IFERROR(IF(J101 = "FALSE","",VLOOKUP(J101,#REF!,2,TRUE)),""))) | O101: =IF(C101="","",IF(R101=1,"Yes","No")) | P101: =IFERROR(IF(C101="","",IF(AND(Census!C101="E",Census!J101>=18,Census!J101<=65),"Yes","No")),"ERROR") | Q101: =IFERROR(IF(C101="","",IF(AND(Census!C101="E",Census!J101>=18,Census!J101<=64),"Yes","No")),"ERROR") | R101: =IF(OR(AB101<>1,AC101<>1,AD101<>1,AF101<>1,AE101<>1,AG101<>1),-1,1) -> -1 | S101: =AB101 -> 0 | T101: =AC101 -> 0 | U101: =AD101 -> 0 | V101: =AE101 -> 0 | W101: =AF101 -> -1 | X101: =AG101 -> 0 | Z101: Ethiopian | AB101: =IFERROR(IF(OR(B101=0,B101=""),0,1),0) -> 0 | AC101: =IFERROR(IF(OR(C101="S",C101="D"),IF(AND(C101="D",D101="F"),1,IF(AND(C101="S",D101="M"),1,0)),IF(OR(C101="W",C101="H"),IF(OR(AND(C101="W",D101="F"),AND(C101="H",D101="M")),1,),IF(OR(D101="M",D101="F"),1,0))),0) -> 0 | AD101: =IFERROR(IF(OR(C101="E",C101="W",C101="H"),1,IF(C101 = "S",IF(D101="M",1,0),IF(D101 = "F",1,0))),0) -> 0 | AE101: =IFERROR(IF(OR(E101="M",E101="S"),IF(E101="M",IF(OR(C101="S",C101 = "D"),0,1),IF(OR(C101="W",C101="H"),0,1)),0),0) -> 0 | AF101: =IF(G101="",-1,IF(AND(G101<=TODAY(),ISNUMBER(DATE(YEAR(G101),MONTH(G101),DAY(G101)))),IF(AND(OR(C101="S",C101="D"),J101>24),-1,1),-1)) -> -1 | AG101: =IF(OR(I101="CAT 1",I101="CAT 2",I101="CAT 3",I101="CAT 4"),1,0) -> 0 | AH101: =PRODUCT(AF101:AG101)*AE101 -> 0
A102: 101 | J102: =IFERROR(IF(G102="","",ROUNDDOWN(IF($G102="","",(inception_date-$G102)/365.25),0)),0) | K102: =IF(I102="","",IF($AM$3=1,IFERROR(IF(J102=FALSE,"",VLOOKUP(J102,$AJ$1:$AK$18,2,1)),""),IFERROR(IF(J102 = "FALSE","",VLOOKUP(J102,#REF!,2,TRUE)),""))) | O102: =IF(C102="","",IF(R102=1,"Yes","No")) | P102: =IFERROR(IF(C102="","",IF(AND(Census!C102="E",Census!J102>=18,Census!J102<=65),"Yes","No")),"ERROR") | Q102: =IFERROR(IF(C102="","",IF(AND(Census!C102="E",Census!J102>=18,Census!J102<=64),"Yes","No")),"ERROR") | R102: =IF(OR(AB102<>1,AC102<>1,AD102<>1,AF102<>1,AE102<>1,AG102<>1),-1,1) -> -1 | S102: =AB102 -> 0 | T102: =AC102 -> 0 | U102: =AD102 -> 0 | V102: =AE102 -> 0 | W102: =AF102 -> -1 | X102: =AG102 -> 0 | Z102: Europe | AB102: =IFERROR(IF(OR(B102=0,B102=""),0,1),0) -> 0 | AC102: =IFERROR(IF(OR(C102="S",C102="D"),IF(AND(C102="D",D102="F"),1,IF(AND(C102="S",D102="M"),1,0)),IF(OR(C102="W",C102="H"),IF(OR(AND(C102="W",D102="F"),AND(C102="H",D102="M")),1,),IF(OR(D102="M",D102="F"),1,0))),0) -> 0 | AD102: =IFERROR(IF(OR(C102="E",C102="W",C102="H"),1,IF(C102 = "S",IF(D102="M",1,0),IF(D102 = "F",1,0))),0) -> 0 | AE102: =IFERROR(IF(OR(E102="M",E102="S"),IF(E102="M",IF(OR(C102="S",C102 = "D"),0,1),IF(OR(C102="W",C102="H"),0,1)),0),0) -> 0 | AF102: =IF(G102="",-1,IF(AND(G102<=TODAY(),ISNUMBER(DATE(YEAR(G102),MONTH(G102),DAY(G102)))),IF(AND(OR(C102="S",C102="D"),J102>24),-1,1),-1)) -> -1 | AG102: =IF(OR(I102="CAT 1",I102="CAT 2",I102="CAT 3",I102="CAT 4"),1,0) -> 0 | AH102: =PRODUCT(AF102:AG102)*AE102 -> 0
A103: 102 | J103: =IFERROR(IF(G103="","",ROUNDDOWN(IF($G103="","",(inception_date-$G103)/365.25),0)),0) | K103: =IF(I103="","",IF($AM$3=1,IFERROR(IF(J103=FALSE,"",VLOOKUP(J103,$AJ$1:$AK$18,2,1)),""),IFERROR(IF(J103 = "FALSE","",VLOOKUP(J103,#REF!,2,TRUE)),""))) | O103: =IF(C103="","",IF(R103=1,"Yes","No")) | P103: =IFERROR(IF(C103="","",IF(AND(Census!C103="E",Census!J103>=18,Census!J103<=65),"Yes","No")),"ERROR") | Q103: =IFERROR(IF(C103="","",IF(AND(Census!C103="E",Census!J103>=18,Census!J103<=64),"Yes","No")),"ERROR") | R103: =IF(OR(AB103<>1,AC103<>1,AD103<>1,AF103<>1,AE103<>1,AG103<>1),-1,1) -> -1 | S103: =AB103 -> 0 | T103: =AC103 -> 0 | U103: =AD103 -> 0 | V103: =AE103 -> 0 | W103: =AF103 -> -1 | X103: =AG103 -> 0 | Z103: Falkland Islander | AB103: =IFERROR(IF(OR(B103=0,B103=""),0,1),0) -> 0 | AC103: =IFERROR(IF(OR(C103="S",C103="D"),IF(AND(C103="D",D103="F"),1,IF(AND(C103="S",D103="M"),1,0)),IF(OR(C103="W",C103="H"),IF(OR(AND(C103="W",D103="F"),AND(C103="H",D103="M")),1,),IF(OR(D103="M",D103="F"),1,0))),0) -> 0 | AD103: =IFERROR(IF(OR(C103="E",C103="W",C103="H"),1,IF(C103 = "S",IF(D103="M",1,0),IF(D103 = "F",1,0))),0) -> 0 | AE103: =IFERROR(IF(OR(E103="M",E103="S"),IF(E103="M",IF(OR(C103="S",C103 = "D"),0,1),IF(OR(C103="W",C103="H"),0,1)),0),0) -> 0 | AF103: =IF(G103="",-1,IF(AND(G103<=TODAY(),ISNUMBER(DATE(YEAR(G103),MONTH(G103),DAY(G103)))),IF(AND(OR(C103="S",C103="D"),J103>24),-1,1),-1)) -> -1 | AG103: =IF(OR(I103="CAT 1",I103="CAT 2",I103="CAT 3",I103="CAT 4"),1,0) -> 0 | AH103: =PRODUCT(AF103:AG103)*AE103 -> 0
A104: 103 | J104: =IFERROR(IF(G104="","",ROUNDDOWN(IF($G104="","",(inception_date-$G104)/365.25),0)),0) | K104: =IF(I104="","",IF($AM$3=1,IFERROR(IF(J104=FALSE,"",VLOOKUP(J104,$AJ$1:$AK$18,2,1)),""),IFERROR(IF(J104 = "FALSE","",VLOOKUP(J104,#REF!,2,TRUE)),""))) | O104: =IF(C104="","",IF(R104=1,"Yes","No")) | P104: =IFERROR(IF(C104="","",IF(AND(Census!C104="E",Census!J104>=18,Census!J104<=65),"Yes","No")),"ERROR") | Q104: =IFERROR(IF(C104="","",IF(AND(Census!C104="E",Census!J104>=18,Census!J104<=64),"Yes","No")),"ERROR") | R104: =IF(OR(AB104<>1,AC104<>1,AD104<>1,AF104<>1,AE104<>1,AG104<>1),-1,1) -> -1 | S104: =AB104 -> 0 | T104: =AC104 -> 0 | U104: =AD104 -> 0 | V104: =AE104 -> 0 | W104: =AF104 -> -1 | X104: =AG104 -> 0 | Z104: Faroese | AB104: =IFERROR(IF(OR(B104=0,B104=""),0,1),0) -> 0 | AC104: =IFERROR(IF(OR(C104="S",C104="D"),IF(AND(C104="D",D104="F"),1,IF(AND(C104="S",D104="M"),1,0)),IF(OR(C104="W",C104="H"),IF(OR(AND(C104="W",D104="F"),AND(C104="H",D104="M")),1,),IF(OR(D104="M",D104="F"),1,0))),0) -> 0 | AD104: =IFERROR(IF(OR(C104="E",C104="W",C104="H"),1,IF(C104 = "S",IF(D104="M",1,0),IF(D104 = "F",1,0))),0) -> 0 | AE104: =IFERROR(IF(OR(E104="M",E104="S"),IF(E104="M",IF(OR(C104="S",C104 = "D"),0,1),IF(OR(C104="W",C104="H"),0,1)),0),0) -> 0 | AF104: =IF(G104="",-1,IF(AND(G104<=TODAY(),ISNUMBER(DATE(YEAR(G104),MONTH(G104),DAY(G104)))),IF(AND(OR(C104="S",C104="D"),J104>24),-1,1),-1)) -> -1 | AG104: =IF(OR(I104="CAT 1",I104="CAT 2",I104="CAT 3",I104="CAT 4"),1,0) -> 0 | AH104: =PRODUCT(AF104:AG104)*AE104 -> 0
A105: 104 | J105: =IFERROR(IF(G105="","",ROUNDDOWN(IF($G105="","",(inception_date-$G105)/365.25),0)),0) | K105: =IF(I105="","",IF($AM$3=1,IFERROR(IF(J105=FALSE,"",VLOOKUP(J105,$AJ$1:$AK$18,2,1)),""),IFERROR(IF(J105 = "FALSE","",VLOOKUP(J105,#REF!,2,TRUE)),""))) | O105: =IF(C105="","",IF(R105=1,"Yes","No")) | P105: =IFERROR(IF(C105="","",IF(AND(Census!C105="E",Census!J105>=18,Census!J105<=65),"Yes","No")),"ERROR") | Q105: =IFERROR(IF(C105="","",IF(AND(Census!C105="E",Census!J105>=18,Census!J105<=64),"Yes","No")),"ERROR") | R105: =IF(OR(AB105<>1,AC105<>1,AD105<>1,AF105<>1,AE105<>1,AG105<>1),-1,1) -> -1 | S105: =AB105 -> 0 | T105: =AC105 -> 0 | U105: =AD105 -> 0 | V105: =AE105 -> 0 | W105: =AF105 -> -1 | X105: =AG105 -> 0 | Z105: Fijian | AB105: =IFERROR(IF(OR(B105=0,B105=""),0,1),0) -> 0 | AC105: =IFERROR(IF(OR(C105="S",C105="D"),IF(AND(C105="D",D105="F"),1,IF(AND(C105="S",D105="M"),1,0)),IF(OR(C105="W",C105="H"),IF(OR(AND(C105="W",D105="F"),AND(C105="H",D105="M")),1,),IF(OR(D105="M",D105="F"),1,0))),0) -> 0 | AD105: =IFERROR(IF(OR(C105="E",C105="W",C105="H"),1,IF(C105 = "S",IF(D105="M",1,0),IF(D105 = "F",1,0))),0) -> 0 | AE105: =IFERROR(IF(OR(E105="M",E105="S"),IF(E105="M",IF(OR(C105="S",C105 = "D"),0,1),IF(OR(C105="W",C105="H"),0,1)),0),0) -> 0 | AF105: =IF(G105="",-1,IF(AND(G105<=TODAY(),ISNUMBER(DATE(YEAR(G105),MONTH(G105),DAY(G105)))),IF(AND(OR(C105="S",C105="D"),J105>24),-1,1),-1)) -> -1 | AG105: =IF(OR(I105="CAT 1",I105="CAT 2",I105="CAT 3",I105="CAT 4"),1,0) -> 0 | AH105: =PRODUCT(AF105:AG105)*AE105 -> 0
A106: 105 | J106: =IFERROR(IF(G106="","",ROUNDDOWN(IF($G106="","",(inception_date-$G106)/365.25),0)),0) | K106: =IF(I106="","",IF($AM$3=1,IFERROR(IF(J106=FALSE,"",VLOOKUP(J106,$AJ$1:$AK$18,2,1)),""),IFERROR(IF(J106 = "FALSE","",VLOOKUP(J106,#REF!,2,TRUE)),""))) | O106: =IF(C106="","",IF(R106=1,"Yes","No")) | P106: =IFERROR(IF(C106="","",IF(AND(Census!C106="E",Census!J106>=18,Census!J106<=65),"Yes","No")),"ERROR") | Q106: =IFERROR(IF(C106="","",IF(AND(Census!C106="E",Census!J106>=18,Census!J106<=64),"Yes","No")),"ERROR") | R106: =IF(OR(AB106<>1,AC106<>1,AD106<>1,AF106<>1,AE106<>1,AG106<>1),-1,1) -> -1 | S106: =AB106 -> 0 | T106: =AC106 -> 0 | U106: =AD106 -> 0 | V106: =AE106 -> 0 | W106: =AF106 -> -1 | X106: =AG106 -> 0 | Z106: Finnish | AB106: =IFERROR(IF(OR(B106=0,B106=""),0,1),0) -> 0 | AC106: =IFERROR(IF(OR(C106="S",C106="D"),IF(AND(C106="D",D106="F"),1,IF(AND(C106="S",D106="M"),1,0)),IF(OR(C106="W",C106="H"),IF(OR(AND(C106="W",D106="F"),AND(C106="H",D106="M")),1,),IF(OR(D106="M",D106="F"),1,0))),0) -> 0 | AD106: =IFERROR(IF(OR(C106="E",C106="W",C106="H"),1,IF(C106 = "S",IF(D106="M",1,0),IF(D106 = "F",1,0))),0) -> 0 | AE106: =IFERROR(IF(OR(E106="M",E106="S"),IF(E106="M",IF(OR(C106="S",C106 = "D"),0,1),IF(OR(C106="W",C106="H"),0,1)),0),0) -> 0 | AF106: =IF(G106="",-1,IF(AND(G106<=TODAY(),ISNUMBER(DATE(YEAR(G106),MONTH(G106),DAY(G106)))),IF(AND(OR(C106="S",C106="D"),J106>24),-1,1),-1)) -> -1 | AG106: =IF(OR(I106="CAT 1",I106="CAT 2",I106="CAT 3",I106="CAT 4"),1,0) -> 0 | AH106: =PRODUCT(AF106:AG106)*AE106 -> 0
A107: 106 | J107: =IFERROR(IF(G107="","",ROUNDDOWN(IF($G107="","",(inception_date-$G107)/365.25),0)),0) | K107: =IF(I107="","",IF($AM$3=1,IFERROR(IF(J107=FALSE,"",VLOOKUP(J107,$AJ$1:$AK$18,2,1)),""),IFERROR(IF(J107 = "FALSE","",VLOOKUP(J107,#REF!,2,TRUE)),""))) | O107: =IF(C107="","",IF(R107=1,"Yes","No")) | P107: =IFERROR(IF(C107="","",IF(AND(Census!C107="E",Census!J107>=18,Census!J107<=65),"Yes","No")),"ERROR") | Q107: =IFERROR(IF(C107="","",IF(AND(Census!C107="E",Census!J107>=18,Census!J107<=64),"Yes","No")),"ERROR") | R107: =IF(OR(AB107<>1,AC107<>1,AD107<>1,AF107<>1,AE107<>1,AG107<>1),-1,1) -> -1 | S107: =AB107 -> 0 | T107: =AC107 -> 0 | U107: =AD107 -> 0 | V107: =AE107 -> 0 | W107: =AF107 -> -1 | X107: =AG107 -> 0 | Z107: French | AB107: =IFERROR(IF(OR(B107=0,B107=""),0,1),0) -> 0 | AC107: =IFERROR(IF(OR(C107="S",C107="D"),IF(AND(C107="D",D107="F"),1,IF(AND(C107="S",D107="M"),1,0)),IF(OR(C107="W",C107="H"),IF(OR(AND(C107="W",D107="F"),AND(C107="H",D107="M")),1,),IF(OR(D107="M",D107="F"),1,0))),0) -> 0 | AD107: =IFERROR(IF(OR(C107="E",C107="W",C107="H"),1,IF(C107 = "S",IF(D107="M",1,0),IF(D107 = "F",1,0))),0) -> 0 | AE107: =IFERROR(IF(OR(E107="M",E107="S"),IF(E107="M",IF(OR(C107="S",C107 = "D"),0,1),IF(OR(C107="W",C107="H"),0,1)),0),0) -> 0 | AF107: =IF(G107="",-1,IF(AND(G107<=TODAY(),ISNUMBER(DATE(YEAR(G107),MONTH(G107),DAY(G107)))),IF(AND(OR(C107="S",C107="D"),J107>24),-1,1),-1)) -> -1 | AG107: =IF(OR(I107="CAT 1",I107="CAT 2",I107="CAT 3",I107="CAT 4"),1,0) -> 0 | AH107: =PRODUCT(AF107:AG107)*AE107 -> 0
A108: 107 | J108: =IFERROR(IF(G108="","",ROUNDDOWN(IF($G108="","",(inception_date-$G108)/365.25),0)),0) | K108: =IF(I108="","",IF($AM$3=1,IFERROR(IF(J108=FALSE,"",VLOOKUP(J108,$AJ$1:$AK$18,2,1)),""),IFERROR(IF(J108 = "FALSE","",VLOOKUP(J108,#REF!,2,TRUE)),""))) | O108: =IF(C108="","",IF(R108=1,"Yes","No")) | P108: =IFERROR(IF(C108="","",IF(AND(Census!C108="E",Census!J108>=18,Census!J108<=65),"Yes","No")),"ERROR") | Q108: =IFERROR(IF(C108="","",IF(AND(Census!C108="E",Census!J108>=18,Census!J108<=64),"Yes","No")),"ERROR") | R108: =IF(OR(AB108<>1,AC108<>1,AD108<>1,AF108<>1,AE108<>1,AG108<>1),-1,1) -> -1 | S108: =AB108 -> 0 | T108: =AC108 -> 0 | U108: =AD108 -> 0 | V108: =AE108 -> 0 | W108: =AF108 -> -1 | X108: =AG108 -> 0 | Z108: French Polynesia | AB108: =IFERROR(IF(OR(B108=0,B108=""),0,1),0) -> 0 | AC108: =IFERROR(IF(OR(C108="S",C108="D"),IF(AND(C108="D",D108="F"),1,IF(AND(C108="S",D108="M"),1,0)),IF(OR(C108="W",C108="H"),IF(OR(AND(C108="W",D108="F"),AND(C108="H",D108="M")),1,),IF(OR(D108="M",D108="F"),1,0))),0) -> 0 | AD108: =IFERROR(IF(OR(C108="E",C108="W",C108="H"),1,IF(C108 = "S",IF(D108="M",1,0),IF(D108 = "F",1,0))),0) -> 0 | AE108: =IFERROR(IF(OR(E108="M",E108="S"),IF(E108="M",IF(OR(C108="S",C108 = "D"),0,1),IF(OR(C108="W",C108="H"),0,1)),0),0) -> 0 | AF108: =IF(G108="",-1,IF(AND(G108<=TODAY(),ISNUMBER(DATE(YEAR(G108),MONTH(G108),DAY(G108)))),IF(AND(OR(C108="S",C108="D"),J108>24),-1,1),-1)) -> -1 | AG108: =IF(OR(I108="CAT 1",I108="CAT 2",I108="CAT 3",I108="CAT 4"),1,0) -> 0 | AH108: =PRODUCT(AF108:AG108)*AE108 -> 0
A109: 108 | J109: =IFERROR(IF(G109="","",ROUNDDOWN(IF($G109="","",(inception_date-$G109)/365.25),0)),0) | K109: =IF(I109="","",IF($AM$3=1,IFERROR(IF(J109=FALSE,"",VLOOKUP(J109,$AJ$1:$AK$18,2,1)),""),IFERROR(IF(J109 = "FALSE","",VLOOKUP(J109,#REF!,2,TRUE)),""))) | O109: =IF(C109="","",IF(R109=1,"Yes","No")) | P109: =IFERROR(IF(C109="","",IF(AND(Census!C109="E",Census!J109>=18,Census!J109<=65),"Yes","No")),"ERROR") | Q109: =IFERROR(IF(C109="","",IF(AND(Census!C109="E",Census!J109>=18,Census!J109<=64),"Yes","No")),"ERROR") | R109: =IF(OR(AB109<>1,AC109<>1,AD109<>1,AF109<>1,AE109<>1,AG109<>1),-1,1) -> -1 | S109: =AB109 -> 0 | T109: =AC109 -> 0 | U109: =AD109 -> 0 | V109: =AE109 -> 0 | W109: =AF109 -> -1 | X109: =AG109 -> 0 | Z109: French Southern Territories | AB109: =IFERROR(IF(OR(B109=0,B109=""),0,1),0) -> 0 | AC109: =IFERROR(IF(OR(C109="S",C109="D"),IF(AND(C109="D",D109="F"),1,IF(AND(C109="S",D109="M"),1,0)),IF(OR(C109="W",C109="H"),IF(OR(AND(C109="W",D109="F"),AND(C109="H",D109="M")),1,),IF(OR(D109="M",D109="F"),1,0))),0) -> 0 | AD109: =IFERROR(IF(OR(C109="E",C109="W",C109="H"),1,IF(C109 = "S",IF(D109="M",1,0),IF(D109 = "F",1,0))),0) -> 0 | AE109: =IFERROR(IF(OR(E109="M",E109="S"),IF(E109="M",IF(OR(C109="S",C109 = "D"),0,1),IF(OR(C109="W",C109="H"),0,1)),0),0) -> 0 | AF109: =IF(G109="",-1,IF(AND(G109<=TODAY(),ISNUMBER(DATE(YEAR(G109),MONTH(G109),DAY(G109)))),IF(AND(OR(C109="S",C109="D"),J109>24),-1,1),-1)) -> -1 | AG109: =IF(OR(I109="CAT 1",I109="CAT 2",I109="CAT 3",I109="CAT 4"),1,0) -> 0 | AH109: =PRODUCT(AF109:AG109)*AE109 -> 0
... A187: 186 | J187: =IFERROR(IF(G187="","",ROUNDDOWN(IF($G187="","",(inception_date-$G187)/365.25),0)),0) | K187: =IF(I187="","",IF($AM$3=1,IFERROR(IF(J187=FALSE,"",VLOOKUP(J187,$AJ$1:$AK$18,2,1)),""),IFERROR(IF(J187 = "FALSE","",VLOOKUP(J187,#REF!,2,TRUE)),""))) | O187: =IF(C187="","",IF(R187=1,"Yes","No")) | P187: =IFERROR(IF(C187="","",IF(AND(Census!C187="E",Census!J187>=18,Census!J187<=65),"Yes","No")),"ERROR") | Q187: =IFERROR(IF(C187="","",IF(AND(Census!C187="E",Census!J187>=18,Census!J187<=64),"Yes","No")),"ERROR") | R187: =IF(OR(AB187<>1,AC187<>1,AD187<>1,AF187<>1,AE187<>1,AG187<>1),-1,1) -> -1 | S187: =AB187 -> 0 | T187: =AC187 -> 0 | U187: =AD187 -> 0 | V187: =AE187 -> 0 | W187: =AF187 -> -1 | X187: =AG187 -> 0 | Z187: Nigerian | AB187: =IFERROR(IF(OR(B187=0,B187=""),0,1),0) -> 0 | AC187: =IFERROR(IF(OR(C187="S",C187="D"),IF(AND(C187="D",D187="F"),1,IF(AND(C187="S",D187="M"),1,0)),IF(OR(C187="W",C187="H"),IF(OR(AND(C187="W",D187="F"),AND(C187="H",D187="M")),1,),IF(OR(D187="M",D187="F"),1,0))),0) -> 0 | AD187: =IFERROR(IF(OR(C187="E",C187="W",C187="H"),1,IF(C187 = "S",IF(D187="M",1,0),IF(D187 = "F",1,0))),0) -> 0 | AE187: =IFERROR(IF(OR(E187="M",E187="S"),IF(E187="M",IF(OR(C187="S",C187 = "D"),0,1),IF(OR(C187="W",C187="H"),0,1)),0),0) -> 0 | AF187: =IF(G187="",-1,IF(AND(G187<=TODAY(),ISNUMBER(DATE(YEAR(G187),MONTH(G187),DAY(G187)))),IF(AND(OR(C187="S",C187="D"),J187>24),-1,1),-1)) -> -1 | AG187: =IF(OR(I187="CAT 1",I187="CAT 2",I187="CAT 3",I187="CAT 4"),1,0) -> 0 | AH187: =PRODUCT(AF187:AG187)*AE187 -> 0
A188: 187 | J188: =IF(G188="","",ROUNDDOWN(IF($G188="","",(inception_date-$G188)/365.25),0)) | K188: =IF(I188="","",IF($AM$3=1,IFERROR(IF(J188=FALSE,"",VLOOKUP(J188,$AJ$1:$AK$18,2,1)),""),IFERROR(IF(J188 = "FALSE","",VLOOKUP(J188,#REF!,2,TRUE)),""))) | O188: =IF(C188="","",IF(R188=1,"Yes","No")) | P188: =IFERROR(IF(C188="","",IF(AND(Census!C188="E",Census!J188>=18,Census!J188<=65),"Yes","No")),"ERROR") | Q188: =IFERROR(IF(C188="","",IF(AND(Census!C188="E",Census!J188>=18,Census!J188<=64),"Yes","No")),"ERROR") | R188: =IF(OR(AB188<>1,AC188<>1,AD188<>1,AF188<>1,AE188<>1,AG188<>1),-1,1) -> -1 | S188: =AB188 -> 0 | T188: =AC188 -> 0 | U188: =AD188 -> 0 | V188: =AE188 -> 0 | W188: =AF188 -> -1 | X188: =AG188 -> 0 | Z188: Nigerien | AB188: =IFERROR(IF(OR(B188=0,B188=""),0,1),0) -> 0 | AC188: =IFERROR(IF(OR(C188="S",C188="D"),IF(AND(C188="D",D188="F"),1,IF(AND(C188="S",D188="M"),1,0)),IF(OR(C188="W",C188="H"),IF(OR(AND(C188="W",D188="F"),AND(C188="H",D188="M")),1,),IF(OR(D188="M",D188="F"),1,0))),0) -> 0 | AD188: =IFERROR(IF(OR(C188="E",C188="W",C188="H"),1,IF(C188 = "S",IF(D188="M",1,0),IF(D188 = "F",1,0))),0) -> 0 | AE188: =IFERROR(IF(OR(E188="M",E188="S"),IF(E188="M",IF(OR(C188="S",C188 = "D"),0,1),IF(OR(C188="W",C188="H"),0,1)),0),0) -> 0 | AF188: =IF(G188="",-1,IF(AND(G188<=TODAY(),ISNUMBER(DATE(YEAR(G188),MONTH(G188),DAY(G188)))),IF(AND(OR(C188="S",C188="D"),J188>24),-1,1),-1)) -> -1 | AG188: =IF(OR(I188="CAT 1",I188="CAT 2",I188="CAT 3",I188="CAT 4"),1,0) -> 0 | AH188: =PRODUCT(AF188:AG188)*AE188 -> 0
A189: 188 | J189: =IF(G189="","",ROUNDDOWN(IF($G189="","",(inception_date-$G189)/365.25),0)) | K189: =IF(I189="","",IF($AM$3=1,IFERROR(IF(J189=FALSE,"",VLOOKUP(J189,$AJ$1:$AK$18,2,1)),""),IFERROR(IF(J189 = "FALSE","",VLOOKUP(J189,#REF!,2,TRUE)),""))) | O189: =IF(C189="","",IF(R189=1,"Yes","No")) | P189: =IFERROR(IF(C189="","",IF(AND(Census!C189="E",Census!J189>=18,Census!J189<=65),"Yes","No")),"ERROR") | Q189: =IFERROR(IF(C189="","",IF(AND(Census!C189="E",Census!J189>=18,Census!J189<=64),"Yes","No")),"ERROR") | R189: =IF(OR(AB189<>1,AC189<>1,AD189<>1,AF189<>1,AE189<>1,AG189<>1),-1,1) -> -1 | S189: =AB189 -> 0 | T189: =AC189 -> 0 | U189: =AD189 -> 0 | V189: =AE189 -> 0 | W189: =AF189 -> -1 | X189: =AG189 -> 0 | Z189: Niue | AB189: =IFERROR(IF(OR(B189=0,B189=""),0,1),0) -> 0 | AC189: =IFERROR(IF(OR(C189="S",C189="D"),IF(AND(C189="D",D189="F"),1,IF(AND(C189="S",D189="M"),1,0)),IF(OR(C189="W",C189="H"),IF(OR(AND(C189="W",D189="F"),AND(C189="H",D189="M")),1,),IF(OR(D189="M",D189="F"),1,0))),0) -> 0 | AD189: =IFERROR(IF(OR(C189="E",C189="W",C189="H"),1,IF(C189 = "S",IF(D189="M",1,0),IF(D189 = "F",1,0))),0) -> 0 | AE189: =IFERROR(IF(OR(E189="M",E189="S"),IF(E189="M",IF(OR(C189="S",C189 = "D"),0,1),IF(OR(C189="W",C189="H"),0,1)),0),0) -> 0 | AF189: =IF(G189="",-1,IF(AND(G189<=TODAY(),ISNUMBER(DATE(YEAR(G189),MONTH(G189),DAY(G189)))),IF(AND(OR(C189="S",C189="D"),J189>24),-1,1),-1)) -> -1 | AG189: =IF(OR(I189="CAT 1",I189="CAT 2",I189="CAT 3",I189="CAT 4"),1,0) -> 0 | AH189: =PRODUCT(AF189:AG189)*AE189 -> 0
A190: 189 | J190: =IF(G190="","",ROUNDDOWN(IF($G190="","",(inception_date-$G190)/365.25),0)) | K190: =IF(I190="","",IF($AM$3=1,IFERROR(IF(J190=FALSE,"",VLOOKUP(J190,$AJ$1:$AK$18,2,1)),""),IFERROR(IF(J190 = "FALSE","",VLOOKUP(J190,#REF!,2,TRUE)),""))) | O190: =IF(C190="","",IF(R190=1,"Yes","No")) | P190: =IFERROR(IF(C190="","",IF(AND(Census!C190="E",Census!J190>=18,Census!J190<=65),"Yes","No")),"ERROR") | Q190: =IFERROR(IF(C190="","",IF(AND(Census!C190="E",Census!J190>=18,Census!J190<=64),"Yes","No")),"ERROR") | R190: =IF(OR(AB190<>1,AC190<>1,AD190<>1,AF190<>1,AE190<>1,AG190<>1),-1,1) -> -1 | S190: =AB190 -> 0 | T190: =AC190 -> 0 | U190: =AD190 -> 0 | V190: =AE190 -> 0 | W190: =AF190 -> -1 | X190: =AG190 -> 0 | Z190: Ni-Vanuatu | AB190: =IFERROR(IF(OR(B190=0,B190=""),0,1),0) -> 0 | AC190: =IFERROR(IF(OR(C190="S",C190="D"),IF(AND(C190="D",D190="F"),1,IF(AND(C190="S",D190="M"),1,0)),IF(OR(C190="W",C190="H"),IF(OR(AND(C190="W",D190="F"),AND(C190="H",D190="M")),1,),IF(OR(D190="M",D190="F"),1,0))),0) -> 0 | AD190: =IFERROR(IF(OR(C190="E",C190="W",C190="H"),1,IF(C190 = "S",IF(D190="M",1,0),IF(D190 = "F",1,0))),0) -> 0 | AE190: =IFERROR(IF(OR(E190="M",E190="S"),IF(E190="M",IF(OR(C190="S",C190 = "D"),0,1),IF(OR(C190="W",C190="H"),0,1)),0),0) -> 0 | AF190: =IF(G190="",-1,IF(AND(G190<=TODAY(),ISNUMBER(DATE(YEAR(G190),MONTH(G190),DAY(G190)))),IF(AND(OR(C190="S",C190="D"),J190>24),-1,1),-1)) -> -1 | AG190: =IF(OR(I190="CAT 1",I190="CAT 2",I190="CAT 3",I190="CAT 4"),1,0) -> 0 | AH190: =PRODUCT(AF190:AG190)*AE190 -> 0
A191: 190 | J191: =IF(G191="","",ROUNDDOWN(IF($G191="","",(inception_date-$G191)/365.25),0)) | K191: =IF(I191="","",IF($AM$3=1,IFERROR(IF(J191=FALSE,"",VLOOKUP(J191,$AJ$1:$AK$18,2,1)),""),IFERROR(IF(J191 = "FALSE","",VLOOKUP(J191,#REF!,2,TRUE)),""))) | O191: =IF(C191="","",IF(R191=1,"Yes","No")) | P191: =IFERROR(IF(C191="","",IF(AND(Census!C191="E",Census!J191>=18,Census!J191<=65),"Yes","No")),"ERROR") | Q191: =IFERROR(IF(C191="","",IF(AND(Census!C191="E",Census!J191>=18,Census!J191<=64),"Yes","No")),"ERROR") | R191: =IF(OR(AB191<>1,AC191<>1,AD191<>1,AF191<>1,AE191<>1,AG191<>1),-1,1) -> -1 | S191: =AB191 -> 0 | T191: =AC191 -> 0 | U191: =AD191 -> 0 | V191: =AE191 -> 0 | W191: =AF191 -> -1 | X191: =AG191 -> 0 | Z191: Norfolk Island | AB191: =IFERROR(IF(OR(B191=0,B191=""),0,1),0) -> 0 | AC191: =IFERROR(IF(OR(C191="S",C191="D"),IF(AND(C191="D",D191="F"),1,IF(AND(C191="S",D191="M"),1,0)),IF(OR(C191="W",C191="H"),IF(OR(AND(C191="W",D191="F"),AND(C191="H",D191="M")),1,),IF(OR(D191="M",D191="F"),1,0))),0) -> 0 | AD191: =IFERROR(IF(OR(C191="E",C191="W",C191="H"),1,IF(C191 = "S",IF(D191="M",1,0),IF(D191 = "F",1,0))),0) -> 0 | AE191: =IFERROR(IF(OR(E191="M",E191="S"),IF(E191="M",IF(OR(C191="S",C191 = "D"),0,1),IF(OR(C191="W",C191="H"),0,1)),0),0) -> 0 | AF191: =IF(G191="",-1,IF(AND(G191<=TODAY(),ISNUMBER(DATE(YEAR(G191),MONTH(G191),DAY(G191)))),IF(AND(OR(C191="S",C191="D"),J191>24),-1,1),-1)) -> -1 | AG191: =IF(OR(I191="CAT 1",I191="CAT 2",I191="CAT 3",I191="CAT 4"),1,0) -> 0 | AH191: =PRODUCT(AF191:AG191)*AE191 -> 0
A192: 191 | J192: =IF(G192="","",ROUNDDOWN(IF($G192="","",(inception_date-$G192)/365.25),0)) | K192: =IF(I192="","",IF($AM$3=1,IFERROR(IF(J192=FALSE,"",VLOOKUP(J192,$AJ$1:$AK$18,2,1)),""),IFERROR(IF(J192 = "FALSE","",VLOOKUP(J192,#REF!,2,TRUE)),""))) | O192: =IF(C192="","",IF(R192=1,"Yes","No")) | P192: =IFERROR(IF(C192="","",IF(AND(Census!C192="E",Census!J192>=18,Census!J192<=65),"Yes","No")),"ERROR") | Q192: =IFERROR(IF(C192="","",IF(AND(Census!C192="E",Census!J192>=18,Census!J192<=64),"Yes","No")),"ERROR") | R192: =IF(OR(AB192<>1,AC192<>1,AD192<>1,AF192<>1,AE192<>1,AG192<>1),-1,1) -> -1 | S192: =AB192 -> 0 | T192: =AC192 -> 0 | U192: =AD192 -> 0 | V192: =AE192 -> 0 | W192: =AF192 -> -1 | X192: =AG192 -> 0 | Z192: Northern Mariana Islands | AB192: =IFERROR(IF(OR(B192=0,B192=""),0,1),0) -> 0 | AC192: =IFERROR(IF(OR(C192="S",C192="D"),IF(AND(C192="D",D192="F"),1,IF(AND(C192="S",D192="M"),1,0)),IF(OR(C192="W",C192="H"),IF(OR(AND(C192="W",D192="F"),AND(C192="H",D192="M")),1,),IF(OR(D192="M",D192="F"),1,0))),0) -> 0 | AD192: =IFERROR(IF(OR(C192="E",C192="W",C192="H"),1,IF(C192 = "S",IF(D192="M",1,0),IF(D192 = "F",1,0))),0) -> 0 | AE192: =IFERROR(IF(OR(E192="M",E192="S"),IF(E192="M",IF(OR(C192="S",C192 = "D"),0,1),IF(OR(C192="W",C192="H"),0,1)),0),0) -> 0 | AF192: =IF(G192="",-1,IF(AND(G192<=TODAY(),ISNUMBER(DATE(YEAR(G192),MONTH(G192),DAY(G192)))),IF(AND(OR(C192="S",C192="D"),J192>24),-1,1),-1)) -> -1 | AG192: =IF(OR(I192="CAT 1",I192="CAT 2",I192="CAT 3",I192="CAT 4"),1,0) -> 0 | AH192: =PRODUCT(AF192:AG192)*AE192 -> 0
A193: 192 | J193: =IF(G193="","",ROUNDDOWN(IF($G193="","",(inception_date-$G193)/365.25),0)) | K193: =IF(I193="","",IF($AM$3=1,IFERROR(IF(J193=FALSE,"",VLOOKUP(J193,$AJ$1:$AK$18,2,1)),""),IFERROR(IF(J193 = "FALSE","",VLOOKUP(J193,#REF!,2,TRUE)),""))) | O193: =IF(C193="","",IF(R193=1,"Yes","No")) | P193: =IFERROR(IF(C193="","",IF(AND(Census!C193="E",Census!J193>=18,Census!J193<=65),"Yes","No")),"ERROR") | Q193: =IFERROR(IF(C193="","",IF(AND(Census!C193="E",Census!J193>=18,Census!J193<=64),"Yes","No")),"ERROR") | R193: =IF(OR(AB193<>1,AC193<>1,AD193<>1,AF193<>1,AE193<>1,AG193<>1),-1,1) -> -1 | S193: =AB193 -> 0 | T193: =AC193 -> 0 | U193: =AD193 -> 0 | V193: =AE193 -> 0 | W193: =AF193 -> -1 | X193: =AG193 -> 0 | Z193: Norwegian | AB193: =IFERROR(IF(OR(B193=0,B193=""),0,1),0) -> 0 | AC193: =IFERROR(IF(OR(C193="S",C193="D"),IF(AND(C193="D",D193="F"),1,IF(AND(C193="S",D193="M"),1,0)),IF(OR(C193="W",C193="H"),IF(OR(AND(C193="W",D193="F"),AND(C193="H",D193="M")),1,),IF(OR(D193="M",D193="F"),1,0))),0) -> 0 | AD193: =IFERROR(IF(OR(C193="E",C193="W",C193="H"),1,IF(C193 = "S",IF(D193="M",1,0),IF(D193 = "F",1,0))),0) -> 0 | AE193: =IFERROR(IF(OR(E193="M",E193="S"),IF(E193="M",IF(OR(C193="S",C193 = "D"),0,1),IF(OR(C193="W",C193="H"),0,1)),0),0) -> 0 | AF193: =IF(G193="",-1,IF(AND(G193<=TODAY(),ISNUMBER(DATE(YEAR(G193),MONTH(G193),DAY(G193)))),IF(AND(OR(C193="S",C193="D"),J193>24),-1,1),-1)) -> -1 | AG193: =IF(OR(I193="CAT 1",I193="CAT 2",I193="CAT 3",I193="CAT 4"),1,0) -> 0 | AH193: =PRODUCT(AF193:AG193)*AE193 -> 0
A194: 193 | J194: =IF(G194="","",ROUNDDOWN(IF($G194="","",(inception_date-$G194)/365.25),0)) | K194: =IF(I194="","",IF($AM$3=1,IFERROR(IF(J194=FALSE,"",VLOOKUP(J194,$AJ$1:$AK$18,2,1)),""),IFERROR(IF(J194 = "FALSE","",VLOOKUP(J194,#REF!,2,TRUE)),""))) | O194: =IF(C194="","",IF(R194=1,"Yes","No")) | P194: =IFERROR(IF(C194="","",IF(AND(Census!C194="E",Census!J194>=18,Census!J194<=65),"Yes","No")),"ERROR") | Q194: =IFERROR(IF(C194="","",IF(AND(Census!C194="E",Census!J194>=18,Census!J194<=64),"Yes","No")),"ERROR") | R194: =IF(OR(AB194<>1,AC194<>1,AD194<>1,AF194<>1,AE194<>1,AG194<>1),-1,1) -> -1 | S194: =AB194 -> 0 | T194: =AC194 -> 0 | U194: =AD194 -> 0 | V194: =AE194 -> 0 | W194: =AF194 -> -1 | X194: =AG194 -> 0 | Z194: Omani | AB194: =IFERROR(IF(OR(B194=0,B194=""),0,1),0) -> 0 | AC194: =IFERROR(IF(OR(C194="S",C194="D"),IF(AND(C194="D",D194="F"),1,IF(AND(C194="S",D194="M"),1,0)),IF(OR(C194="W",C194="H"),IF(OR(AND(C194="W",D194="F"),AND(C194="H",D194="M")),1,),IF(OR(D194="M",D194="F"),1,0))),0) -> 0 | AD194: =IFERROR(IF(OR(C194="E",C194="W",C194="H"),1,IF(C194 = "S",IF(D194="M",1,0),IF(D194 = "F",1,0))),0) -> 0 | AE194: =IFERROR(IF(OR(E194="M",E194="S"),IF(E194="M",IF(OR(C194="S",C194 = "D"),0,1),IF(OR(C194="W",C194="H"),0,1)),0),0) -> 0 | AF194: =IF(G194="",-1,IF(AND(G194<=TODAY(),ISNUMBER(DATE(YEAR(G194),MONTH(G194),DAY(G194)))),IF(AND(OR(C194="S",C194="D"),J194>24),-1,1),-1)) -> -1 | AG194: =IF(OR(I194="CAT 1",I194="CAT 2",I194="CAT 3",I194="CAT 4"),1,0) -> 0 | AH194: =PRODUCT(AF194:AG194)*AE194 -> 0
A195: 194 | J195: =IF(G195="","",ROUNDDOWN(IF($G195="","",(inception_date-$G195)/365.25),0)) | K195: =IF(I195="","",IF($AM$3=1,IFERROR(IF(J195=FALSE,"",VLOOKUP(J195,$AJ$1:$AK$18,2,1)),""),IFERROR(IF(J195 = "FALSE","",VLOOKUP(J195,#REF!,2,TRUE)),""))) | O195: =IF(C195="","",IF(R195=1,"Yes","No")) | P195: =IFERROR(IF(C195="","",IF(AND(Census!C195="E",Census!J195>=18,Census!J195<=65),"Yes","No")),"ERROR") | Q195: =IFERROR(IF(C195="","",IF(AND(Census!C195="E",Census!J195>=18,Census!J195<=64),"Yes","No")),"ERROR") | R195: =IF(OR(AB195<>1,AC195<>1,AD195<>1,AF195<>1,AE195<>1,AG195<>1),-1,1) -> -1 | S195: =AB195 -> 0 | T195: =AC195 -> 0 | U195: =AD195 -> 0 | V195: =AE195 -> 0 | W195: =AF195 -> -1 | X195: =AG195 -> 0 | Z195: Pakistani | AB195: =IFERROR(IF(OR(B195=0,B195=""),0,1),0) -> 0 | AC195: =IFERROR(IF(OR(C195="S",C195="D"),IF(AND(C195="D",D195="F"),1,IF(AND(C195="S",D195="M"),1,0)),IF(OR(C195="W",C195="H"),IF(OR(AND(C195="W",D195="F"),AND(C195="H",D195="M")),1,),IF(OR(D195="M",D195="F"),1,0))),0) -> 0 | AD195: =IFERROR(IF(OR(C195="E",C195="W",C195="H"),1,IF(C195 = "S",IF(D195="M",1,0),IF(D195 = "F",1,0))),0) -> 0 | AE195: =IFERROR(IF(OR(E195="M",E195="S"),IF(E195="M",IF(OR(C195="S",C195 = "D"),0,1),IF(OR(C195="W",C195="H"),0,1)),0),0) -> 0 | AF195: =IF(G195="",-1,IF(AND(G195<=TODAY(),ISNUMBER(DATE(YEAR(G195),MONTH(G195),DAY(G195)))),IF(AND(OR(C195="S",C195="D"),J195>24),-1,1),-1)) -> -1 | AG195: =IF(OR(I195="CAT 1",I195="CAT 2",I195="CAT 3",I195="CAT 4"),1,0) -> 0 | AH195: =PRODUCT(AF195:AG195)*AE195 -> 0
A196: 195 | J196: =IF(G196="","",ROUNDDOWN(IF($G196="","",(inception_date-$G196)/365.25),0)) | K196: =IF(I196="","",IF($AM$3=1,IFERROR(IF(J196=FALSE,"",VLOOKUP(J196,$AJ$1:$AK$18,2,1)),""),IFERROR(IF(J196 = "FALSE","",VLOOKUP(J196,#REF!,2,TRUE)),""))) | O196: =IF(C196="","",IF(R196=1,"Yes","No")) | P196: =IFERROR(IF(C196="","",IF(AND(Census!C196="E",Census!J196>=18,Census!J196<=65),"Yes","No")),"ERROR") | Q196: =IFERROR(IF(C196="","",IF(AND(Census!C196="E",Census!J196>=18,Census!J196<=64),"Yes","No")),"ERROR") | R196: =IF(OR(AB196<>1,AC196<>1,AD196<>1,AF196<>1,AE196<>1,AG196<>1),-1,1) -> -1 | S196: =AB196 -> 0 | T196: =AC196 -> 0 | U196: =AD196 -> 0 | V196: =AE196 -> 0 | W196: =AF196 -> -1 | X196: =AG196 -> 0 | Z196: Palauan | AB196: =IFERROR(IF(OR(B196=0,B196=""),0,1),0) -> 0 | AC196: =IFERROR(IF(OR(C196="S",C196="D"),IF(AND(C196="D",D196="F"),1,IF(AND(C196="S",D196="M"),1,0)),IF(OR(C196="W",C196="H"),IF(OR(AND(C196="W",D196="F"),AND(C196="H",D196="M")),1,),IF(OR(D196="M",D196="F"),1,0))),0) -> 0 | AD196: =IFERROR(IF(OR(C196="E",C196="W",C196="H"),1,IF(C196 = "S",IF(D196="M",1,0),IF(D196 = "F",1,0))),0) -> 0 | AE196: =IFERROR(IF(OR(E196="M",E196="S"),IF(E196="M",IF(OR(C196="S",C196 = "D"),0,1),IF(OR(C196="W",C196="H"),0,1)),0),0) -> 0 | AF196: =IF(G196="",-1,IF(AND(G196<=TODAY(),ISNUMBER(DATE(YEAR(G196),MONTH(G196),DAY(G196)))),IF(AND(OR(C196="S",C196="D"),J196>24),-1,1),-1)) -> -1 | AG196: =IF(OR(I196="CAT 1",I196="CAT 2",I196="CAT 3",I196="CAT 4"),1,0) -> 0 | AH196: =PRODUCT(AF196:AG196)*AE196 -> 0
A197: 196 | J197: =IF(G197="","",ROUNDDOWN(IF($G197="","",(inception_date-$G197)/365.25),0)) | K197: =IF(I197="","",IF($AM$3=1,IFERROR(IF(J197=FALSE,"",VLOOKUP(J197,$AJ$1:$AK$18,2,1)),""),IFERROR(IF(J197 = "FALSE","",VLOOKUP(J197,#REF!,2,TRUE)),""))) | O197: =IF(C197="","",IF(R197=1,"Yes","No")) | P197: =IFERROR(IF(C197="","",IF(AND(Census!C197="E",Census!J197>=18,Census!J197<=65),"Yes","No")),"ERROR") | Q197: =IFERROR(IF(C197="","",IF(AND(Census!C197="E",Census!J197>=18,Census!J197<=64),"Yes","No")),"ERROR") | R197: =IF(OR(AB197<>1,AC197<>1,AD197<>1,AF197<>1,AE197<>1,AG197<>1),-1,1) -> -1 | S197: =AB197 -> 0 | T197: =AC197 -> 0 | U197: =AD197 -> 0 | V197: =AE197 -> 0 | W197: =AF197 -> -1 | X197: =AG197 -> 0 | Z197: Palestinian | AB197: =IFERROR(IF(OR(B197=0,B197=""),0,1),0) -> 0 | AC197: =IFERROR(IF(OR(C197="S",C197="D"),IF(AND(C197="D",D197="F"),1,IF(AND(C197="S",D197="M"),1,0)),IF(OR(C197="W",C197="H"),IF(OR(AND(C197="W",D197="F"),AND(C197="H",D197="M")),1,),IF(OR(D197="M",D197="F"),1,0))),0) -> 0 | AD197: =IFERROR(IF(OR(C197="E",C197="W",C197="H"),1,IF(C197 = "S",IF(D197="M",1,0),IF(D197 = "F",1,0))),0) -> 0 | AE197: =IFERROR(IF(OR(E197="M",E197="S"),IF(E197="M",IF(OR(C197="S",C197 = "D"),0,1),IF(OR(C197="W",C197="H"),0,1)),0),0) -> 0 | AF197: =IF(G197="",-1,IF(AND(G197<=TODAY(),ISNUMBER(DATE(YEAR(G197),MONTH(G197),DAY(G197)))),IF(AND(OR(C197="S",C197="D"),J197>24),-1,1),-1)) -> -1 | AG197: =IF(OR(I197="CAT 1",I197="CAT 2",I197="CAT 3",I197="CAT 4"),1,0) -> 0 | AH197: =PRODUCT(AF197:AG197)*AE197 -> 0
A198: 197 | J198: =IF(G198="","",ROUNDDOWN(IF($G198="","",(inception_date-$G198)/365.25),0)) | K198: =IF(I198="","",IF($AM$3=1,IFERROR(IF(J198=FALSE,"",VLOOKUP(J198,$AJ$1:$AK$18,2,1)),""),IFERROR(IF(J198 = "FALSE","",VLOOKUP(J198,#REF!,2,TRUE)),""))) | O198: =IF(C198="","",IF(R198=1,"Yes","No")) | P198: =IFERROR(IF(C198="","",IF(AND(Census!C198="E",Census!J198>=18,Census!J198<=65),"Yes","No")),"ERROR") | Q198: =IFERROR(IF(C198="","",IF(AND(Census!C198="E",Census!J198>=18,Census!J198<=64),"Yes","No")),"ERROR") | R198: =IF(OR(AB198<>1,AC198<>1,AD198<>1,AF198<>1,AE198<>1,AG198<>1),-1,1) -> -1 | S198: =AB198 -> 0 | T198: =AC198 -> 0 | U198: =AD198 -> 0 | V198: =AE198 -> 0 | W198: =AF198 -> -1 | X198: =AG198 -> 0 | Z198: Panamanian | AB198: =IFERROR(IF(OR(B198=0,B198=""),0,1),0) -> 0 | AC198: =IFERROR(IF(OR(C198="S",C198="D"),IF(AND(C198="D",D198="F"),1,IF(AND(C198="S",D198="M"),1,0)),IF(OR(C198="W",C198="H"),IF(OR(AND(C198="W",D198="F"),AND(C198="H",D198="M")),1,),IF(OR(D198="M",D198="F"),1,0))),0) -> 0 | AD198: =IFERROR(IF(OR(C198="E",C198="W",C198="H"),1,IF(C198 = "S",IF(D198="M",1,0),IF(D198 = "F",1,0))),0) -> 0 | AE198: =IFERROR(IF(OR(E198="M",E198="S"),IF(E198="M",IF(OR(C198="S",C198 = "D"),0,1),IF(OR(C198="W",C198="H"),0,1)),0),0) -> 0 | AF198: =IF(G198="",-1,IF(AND(G198<=TODAY(),ISNUMBER(DATE(YEAR(G198),MONTH(G198),DAY(G198)))),IF(AND(OR(C198="S",C198="D"),J198>24),-1,1),-1)) -> -1 | AG198: =IF(OR(I198="CAT 1",I198="CAT 2",I198="CAT 3",I198="CAT 4"),1,0) -> 0 | AH198: =PRODUCT(AF198:AG198)*AE198 -> 0
A199: 198 | J199: =IF(G199="","",ROUNDDOWN(IF($G199="","",(inception_date-$G199)/365.25),0)) | K199: =IF(I199="","",IF($AM$3=1,IFERROR(IF(J199=FALSE,"",VLOOKUP(J199,$AJ$1:$AK$18,2,1)),""),IFERROR(IF(J199 = "FALSE","",VLOOKUP(J199,#REF!,2,TRUE)),""))) | O199: =IF(C199="","",IF(R199=1,"Yes","No")) | P199: =IFERROR(IF(C199="","",IF(AND(Census!C199="E",Census!J199>=18,Census!J199<=65),"Yes","No")),"ERROR") | Q199: =IFERROR(IF(C199="","",IF(AND(Census!C199="E",Census!J199>=18,Census!J199<=64),"Yes","No")),"ERROR") | R199: =IF(OR(AB199<>1,AC199<>1,AD199<>1,AF199<>1,AE199<>1,AG199<>1),-1,1) -> -1 | S199: =AB199 -> 0 | T199: =AC199 -> 0 | U199: =AD199 -> 0 | V199: =AE199 -> 0 | W199: =AF199 -> -1 | X199: =AG199 -> 0 | Z199: Papua New Guinean | AB199: =IFERROR(IF(OR(B199=0,B199=""),0,1),0) -> 0 | AC199: =IFERROR(IF(OR(C199="S",C199="D"),IF(AND(C199="D",D199="F"),1,IF(AND(C199="S",D199="M"),1,0)),IF(OR(C199="W",C199="H"),IF(OR(AND(C199="W",D199="F"),AND(C199="H",D199="M")),1,),IF(OR(D199="M",D199="F"),1,0))),0) -> 0 | AD199: =IFERROR(IF(OR(C199="E",C199="W",C199="H"),1,IF(C199 = "S",IF(D199="M",1,0),IF(D199 = "F",1,0))),0) -> 0 | AE199: =IFERROR(IF(OR(E199="M",E199="S"),IF(E199="M",IF(OR(C199="S",C199 = "D"),0,1),IF(OR(C199="W",C199="H"),0,1)),0),0) -> 0 | AF199: =IF(G199="",-1,IF(AND(G199<=TODAY(),ISNUMBER(DATE(YEAR(G199),MONTH(G199),DAY(G199)))),IF(AND(OR(C199="S",C199="D"),J199>24),-1,1),-1)) -> -1 | AG199: =IF(OR(I199="CAT 1",I199="CAT 2",I199="CAT 3",I199="CAT 4"),1,0) -> 0 | AH199: =PRODUCT(AF199:AG199)*AE199 -> 0
... A201: 200 | J201: =IF(G201="","",ROUNDDOWN(IF($G201="","",(inception_date-$G201)/365.25),0)) | K201: =IF(I201="","",IF($AM$3=1,IFERROR(IF(J201=FALSE,"",VLOOKUP(J201,$AJ$1:$AK$18,2,1)),""),IFERROR(IF(J201 = "FALSE","",VLOOKUP(J201,#REF!,2,TRUE)),""))) | O201: =IF(C201="","",IF(R201=1,"Yes","No")) | P201: =IFERROR(IF(C201="","",IF(AND(Census!C201="E",Census!J201>=18,Census!J201<=65),"Yes","No")),"ERROR") | Q201: =IFERROR(IF(C201="","",IF(AND(Census!C201="E",Census!J201>=18,Census!J201<=64),"Yes","No")),"ERROR") | R201: =IF(OR(AB201<>1,AC201<>1,AD201<>1,AF201<>1,AE201<>1,AG201<>1),-1,1) -> -1 | S201: =AB201 -> 0 | T201: =AC201 -> 0 | U201: =AD201 -> 0 | V201: =AE201 -> 0 | W201: =AF201 -> -1 | X201: =AG201 -> 0 | Z201: Peruvian | AB201: =IFERROR(IF(OR(B201=0,B201=""),0,1),0) -> 0 | AC201: =IFERROR(IF(OR(C201="S",C201="D"),IF(AND(C201="D",D201="F"),1,IF(AND(C201="S",D201="M"),1,0)),IF(OR(C201="W",C201="H"),IF(OR(AND(C201="W",D201="F"),AND(C201="H",D201="M")),1,),IF(OR(D201="M",D201="F"),1,0))),0) -> 0 | AD201: =IFERROR(IF(OR(C201="E",C201="W",C201="H"),1,IF(C201 = "S",IF(D201="M",1,0),IF(D201 = "F",1,0))),0) -> 0 | AE201: =IFERROR(IF(OR(E201="M",E201="S"),IF(E201="M",IF(OR(C201="S",C201 = "D"),0,1),IF(OR(C201="W",C201="H"),0,1)),0),0) -> 0 | AF201: =IF(G201="",-1,IF(AND(G201<=TODAY(),ISNUMBER(DATE(YEAR(G201),MONTH(G201),DAY(G201)))),IF(AND(OR(C201="S",C201="D"),J201>24),-1,1),-1)) -> -1 | AG201: =IF(OR(I201="CAT 1",I201="CAT 2",I201="CAT 3",I201="CAT 4"),1,0) -> 0 | AH201: =PRODUCT(AF201:AG201)*AE201 -> 0
Z202: Philippine
Z203: Pitcairn
Z204: Polish
Z205: Portuguese
B206: =COUNTA(B2:B201) -> 0 | C206: =COUNTA(C2:C201) -> 0 | D206: =COUNTA(D2:D201) -> 0 | E206: =COUNTA(E2:E201) -> 0 | G206: =COUNTA(G2:G201) -> 0 | I206: =COUNTA(I2:I201) -> 0 | Z206: Puerto Rican
B207: Validation number of items per column | I207: =IF(AND(B206=C206,C206=D206,D206=E206,E206=G206,G206=I206),1,0) -> 1 | Z207: Qatari
B208: Validation min number of E for Life | C208: =COUNTIFS(Census!$C$2:$C$201,"=E",Census!$Q$2:$Q$201,"=Yes") -> 0 | K208: Relation | O208: Gender | P208: Marital | R208: Category | Z208: Romanian
K209: E | O209: F | P209: M | Q209: =K209 &O209 &P209 -> EFM | R209: Employee Female – Married | Z209: Russian
B210: Overaged members excluded from | C210: health-CAT 1 | G210: PA & WC-CAT 1 | K210: E | O210: F | P210: S | Q210: =K210 &O210 &P210 -> EFS | R210: Employee Female – Single | Z210: Rwandan
B211: Overaged members excluded from | C211: health-CAT 2 | G211: PA & WC-CAT 2 | K211: E | O211: M | P211: M | Q211: =K211 &O211 &P211 -> EMM | R211: Employee Male – Married | Z211: Saint Helena
K212: E | O212: M | P212: S | Q212: =K212 &O212 &P212 -> EMS | R212: Employee Male – Single | Z212: Saint Lucian
C213: Relation List | D213: Gender List | E213: Marital | G213: Category List | I213: Chk rel | K213: W | O213: F | P213: M | Q213: =K213 &O213 &P213 -> WFM | R213: Spouse – Female | Z213: Saint Pierre And Miquelon
C214: E | D214: M | E214: M | G214: CAT 1 | I214: 1 | K214: H | O214: M | P214: M | Q214: =K214 &O214 &P214 -> HMM | R214: Spouse – Male | Z214: Salvadoran
C215: W | D215: F | E215: S | G215: CAT 2 | I215: 1 | K215: D | O215: F | P215: S | Q215: =K215 &O215 &P215 -> DFS | R215: Child – Female | Z215: Sammarinese
C216: H | G216: CAT 3 | I216: 1 | K216: S | O216: M | P216: S | Q216: =K216 &O216 &P216 -> SMS | R216: Child – Male | Z216: Samoan
C217: S | G217: CAT 4 | I217: 1 | Z217: Santomean
C218: D | I218: 1 | Z218: Saudi
Z219: Senegalese
Z220: Serbian
Z221: Seychellois
Z222: Sierra Leonean
Z223: Singapore
Z224: Slovak
Z225: Slovenian
Z226: Solomon Islands
Z227: Somali
Z228: South African
Z229: South Georgia
Z230: Spanish
... Z264: Zimbabwean
